tid,fid_TN,fid_TP,fid_C15
h7KEo-F1kDs=,yUv26Dc7PTo=,RQwz7PGDSwE=,"['Aga0_eIya98=', 'scpyZrUI8_M=', 'RrvKsVknlJM=', 'bKNIF1fuAUs=', 'MZChz2DaSVQ=', 'ZUEcdIGQcEY=', 'Iuog8nGeWT8=', 'F9QE2Cj_2KU=', 'wx0t5Z_Elug=', 'saSmmzpaO5Q=', 't0g4p7Kfmo8=', '2Gm7eqlQu6w=', 'bMOpW-XbhJg=', 'eapTgVAG2Is=', 'K4mKAIBSfeA=']"
JJwcw8loFN8=,WCQpyigYS7k=,9aa4LFr6RGk=,"['qoVN958JU7M=', 'IAAf0VRwa_0=', 'kIQ5wbzMXsA=', 'gBkL4zLgOQM=', 'vWmgMsBvOZQ=', 'ROmvpM2LiHg=', '2RfM3_dR6fk=', 'YFVW7_RdIls=', 'MpI3nCKoJug=', 'gDoJ2QMOLYA=', 'YAVkU7SQnOo=', 'cu_vHqyLyo4=', 'erSAyyVNSF8=', 'IB5OaW3VCFU=', 'SO_VMs36TcY=']"
nXzZ4BVPD1g=,Ct-Y8EV2ong=,ruO3jslAFK4=,"['PyA4rYviAq8=', 'CfB5i8OkoCQ=', 'rJqMOwIoJqA=', 'mCBCdnf8MVw=', 'EXJ7slbGQzw=', 'IehM5IGUSr0=', 'HgQG6Iu8zU8=', '3NIgd9jlw2A=', 'c2z9oBncHis=', 'jXVFUloDSL0=', '-ghZ1FsPpOc=', 'irL-q5BNZrI=', 'aB2k52NM4PI=', 'qYTfZ5TcZJk=', '0FuzcPBkS-8=']"
z_v9EWcF_5s=,R5vHOONt6XI=,-fIlZVbN3vg=,"['f-wEok5-IJM=', 'AW-Q89-wgOA=', 'UZVjREFDqGo=', '9WQ6GOqCCgU=', 'E2pumISmPvI=', 'B2nWNkXRBK0=', '5yCvqLJ7itI=', 'PRhrRZmbwSY=', '_CBx88N7aAg=', '1z57lGIiFHU=', 'l69JU9VADms=', 'ly2os3jI6zk=', 'IFUpeBQP4No=', 't88CSQnYxtM=', 'Cb4Aj3eBDXE=']"
Ff0yxuPn7Xk=,scpyZrUI8_M=,EwXpO1EFRGE=,"['o8bt-UOlZpA=', 'yVPDFbddAeg=', 'C0Fwxfjs2K4=', 'lLuXbUfeDhA=', 'eo7YBQzlMO0=', '9e4Cdk6x0Zg=', 'SLhfEtDQyHE=', 'YBoVATBpBds=', 'oYUtBka4Dd4=', 'Gi4Mme1HNbI=', 'cLxr4B-FWUs=', 'xSONvS9wY8o=', '2_HjHbYYSEw=', 'CLgQAum2i6k=', '_FLeQ41Top0=']"
ixOMgKi5WFg=,yzfkJmsUskM=,t8kae9O3hwg=,"['CtwNFxUTi6Q=', 'CWqVgPmUM1I=', 'o3dpItolhXk=', 'EkOk2CDVpiI=', '2bcg2mzRids=', '37sY-AH46Ew=', 'h3MM-7Ck3Ks=', 'GRSLQtr4yIY=', '4vqLNkCOMSE=', 'VCon2bmAhVs=', 'i4Bkzjwyhrk=', 'Or1INYZiDmg=', 'hA4mduXidFY=', 'IMlxTjDStRU=', 'QlPLrJlrUiE=']"
ZpkPvRuWSUg=,SJ9kDCO7ua8=,zm_d8jJbUak=,"['9-3Kjcx9KTA=', 'HOOHSUf1elQ=', 'Qv6ArysMaqU=', 'Tij9UBQTOQw=', 'JHD9mjLckOc=', 'mTRJnWGcFyA=', 'L1MX5NdYp0c=', 'ts5kBM1TIr8=', 'DN7h2MJRFaw=', 'B1s8FbatuMg=', 'RxlNKKwmTxw=', 'mCCEYBx3keU=', '0GHDU3cb90Y=', 'khIhaFxAF-g=', '4Vx7PWsKEsI=']"
hBWw36Pe0TU=,aM62AepbB2M=,T_3Nb7jxoMs=,"['Ly5wno4RM84=', 'NIXVnl4eIK8=', 'zD_u0IUYQ7I=', 'rp5150hCOyw=', 'eKl9tYBV8aY=', 'nodOLA8y0V4=', 'OFHquM_CWoU=', '_ztMka50Yss=', 'Yv11iBVdOK4=', 'ttfDf0aErAc=', 'j9xeARnIeRc=', 'm-HJ8nlrtv8=', 'teUcFsREWbo=', 'c-mjg-pq8uc=', 'suq9-ihdPdU=']"
REE7WDooAJc=,bm5655TpPiE=,XhA__CI8eyo=,"['fmbrJa1Z6M4=', 'jviIgOWhWzM=', 'Ik2LhnZ2eqo=', 'pnx3s1XAnz4=', 'sCS-McglY5M=', 'zVQZ8pdg1aI=', 'tGC6fTt-_Rs=', 'iP73a2wdzPs=', 'id_ZYp3QtoA=', 'r1mOsS_LpKE=', 'kHrgP5qvE6U=', 'FRHtOliQzdw=', '4St_HRZK0Qw=', 'd1_B5TEmkLI=', 'DRpljZ9MTsk=']"
4qvUmGoqiyQ=,_r0gc7tI1S8=,ATyRn5D5QTw=,"['XuVdjPSj3vA=', '2RfM3_dR6fk=', '--oeFEyHK20=', 'dpExB7hKhn4=', 'Vw5X4Z_ero0=', 'mCCEYBx3keU=', 'sW8IQW_qSUA=', 'k8G5ahdfrWU=', 'C09ZPgZ4Qmk=', 'SR3OXr_cgbo=', '-fP3MAUKSEE=', 'R5vHOONt6XI=', 'nmb2Jzt05as=', 'RjU5USCeeCg=', 'Skvo30R6QJQ=']"
oRC-fgwyLGw=,cmVD8e7QVKM=,ttqmEvlqRO4=,"['MBzlKDKq3Qs=', 'aLUVSZbrtc8=', '5chFHqgKgaU=', 'GAkxSYgTILM=', 'LnJMPRaovA4=', 'ZKxvhjcLLic=', 'AZXblFHzypc=', '6uiROiMr234=', '0Nc8fEX7Vt4=', 'QumCNsbUA7w=', 'lB3EfOc3_pk=', 'cK61m4RdPM4=', 'SCu1JwMJw3Y=', '4vLW8je9nLk=', 'lBnbe9SyFVE=']"
_JwnbCIcfdI=,3l2lfPgz8zs=,LhyqArzRQIc=,"['jviIgOWhWzM=', 'zD_u0IUYQ7I=', 'rp5150hCOyw=', 'NIXVnl4eIK8=', 'E0yn4O-P5oo=', 'W0kQwnbVclE=', 'KihSlv-O0t0=', 'hVGgU3FzDkY=', 'xj7hbPtRafk=', 'bMOpW-XbhJg=', 'I7I0d7jcZMo=', 'wAyh6Au-YIM=', '3XgsrbJ4Y0U=', 'ADERhex_mjM=', '7rj5Nu9OMfE=']"
HbO5V7RFgUI=,wZSsHX-pGaE=,nnDvGUSZGyU=,"['YTTS3rQ6a5Y=', 'm2DdcH6FIa8=', 'NzalpnJqqVs=', 'lDPn8a1EFYc=', 'rp5150hCOyw=', 'kpX5WVzxOIg=', 'dIW3sW39pmk=', 'IHpEcHSEFFU=', 'tP42KybAkes=', 'WsnaxRoac0M=', 'X_o3M2K47Xk=', 'O4DwDTBYN00=', 'Rmhgur3ZBeY=', 'UIEcp5N9KKg=', 'Nm1w26opjzk=']"
cF9M2YLbews=,swOJ4u9Iuxs=,g450G1dd5Y4=,"['SCu1JwMJw3Y=', 'CT_MKu6hF88=', 'bo6-jfm8BLI=', 'NDZfpCpbykE=', 'TJi9Brr3Ezo=', 'NIUEj6aJ3IA=', 'J0cHE2uQeDw=', 'TfbRoGWwwxw=', 'FwehJpnZ_9Y=', 'Gr8XYbUp5Lo=', 'H3YYpgtLaQQ=', 'unMrNgORJyA=', 'EPmBol8HWyg=', 'D1BtDZg4oZc=', 'tBrPtxFj5Y4=']"
mlE9KeoxJV8=,1rPyiJbGEoU=,aEfiTK9DHAo=,"['NjZjmuM4aAA=', 'o8_5_pkmo44=', 'S1PMSEbWoMU=', '6Fa2BAbG4kI=', 'z1jO6rOsuCU=', 'OR5fqJVt48c=', '9Om8W08bskI=', '4SMZcn5wwu0=', 'jBd4wtmAzA8=', 'SbGXuEiEtA8=', '4s1S_KFu-DA=', 'OFHquM_CWoU=', 'Is9APwkkXw4=', 'rnD8Uv1TDyw=', 'lXLJfBM_WQk=']"
Gf0JX3KBVqI=,-fIlZVbN3vg=,RcE1hOXpxzg=,"['jMmIQyMBMRk=', 'L0TANNF2i_0=', 'FguccL4V5EI=', 'OHnpePvMim0=', 'yGQ5rdT8UkM=', 'dsuMiL8vZFI=', '4zOg9-5P4u8=', 'dPwGTWVAZk4=', 'SzUBxK9rLBQ=', '3GDmfC9U8u8=', 'p-Q4ZaP8Wpc=', 'bUbmzRJhFw4=', 'lc1uIyr0sHo=', 'ZCmprJz81ZE=', 'I8KROedbmd0=']"
R0TrHSVjSkQ=,IgdjXEn--rc=,tbupmwcVCbo=,"['jV1d3LLfsgo=', 'IDzfllCVi-c=', 'sCH61uXV_Bc=', 'IIGEi6JSiNc=', 'A_t5lCdJh1M=', '_C7k4lhOEr0=', 'S5FCY9YzEp0=', 'rFxljAGx88k=', 'DJG_FbF3V7U=', 'XhA__CI8eyo=', 'EuqJ6ToO8YA=', 'HdPrx8zl-Kg=', '3m7lC4x-3ZE=', 'PpTjbybJrOY=', '1k5WQfAqqAA=']"
aH0mFzZxU4s=,ZAkh0wXzfCI=,sQhiKN5GLIc=,"['72uzVZv6yh8=', 'As-KpCz4FE4=', 'Pr1X9RADF8A=', 'D42JR3GeESg=', 'oVM79M6Hllg=', '3l2lfPgz8zs=', 'yJJ1BjCULDo=', 'tacNaw_ojik=', 'mVYPYvMpMgA=', 'OoGtQgdY6aA=', '8c4CC0GNKag=', 'dpl-hJSHlcg=', 'DWvA4fx0Fk8=', 'oxsD3Xd5TZg=', 'Powawguir70=']"
nE_qO8K6JSw=,KjnbBfFOUZc=,-X2qQrY8Tdo=,"['Q8gsr3GDrLc=', 'cUZRu0IFlfk=', '0wZDya8aOIs=', 'DYyY63DTkgA=', '2kFIlwlhq3c=', 't7Q4WJO4fRM=', '9je1VxPPoIQ=', 'oE8wA_rHgNg=', 'THt40quk2Zo=', 'KnSQh9VXXmA=', 'mlFlFqSECpk=', 'vBU_Rczy06c=', 'yv9mSyS2DPg=', '_ixflhmVgrk=', 'SUKmslgeoLo=']"
43Ka12npXKk=,QwRrw_hgvL4=,ga3ZcpSizqc=,"['wegX3e0a-ek=', 'KMKITHH_TbA=', '5kPd81bLauA=', 'BtifEKppkzU=', 'EF06X2nrsoQ=', 'agxVG_lHi4o=', 'MjSiNg4LQ1s=', 'OE_hIXres9w=', 't_gbSotnLlc=', 'MEVuOH0Ahtc=', '0zRpMJB1mkw=', 'aaGFoM93AcY=', 'hV0ctuRbHak=', 'OICgBK7GgoY=', 'XhA__CI8eyo=']"
e_dwOvl42W8=,r0L6nqVfWFY=,pdpTh2L0J_Y=,"['FK8Pq2XLpYc=', 'cYOSbVMURRg=', '3Sy4_o0vaG8=', 'IMlxTjDStRU=', '8YATfqv2vUA=', 't9brM1NEw90=', 'yvsZyVEFMLQ=', 'rrRSLf3Lcl0=', 'J0C4WS1X8RE=', 'cfruzoYA6dg=', 'FmvDp-8_JFM=', '0N2SonyoiyM=', 'A9Ql5kdwwlw=', 'MeQHfXl-Fcs=', 'nWB6rMPwviw=']"
c4SC92_AQEY=,izw2JxbQWeI=,n-AnkMdawuU=,"['H-5s98a_d-I=', 'ucFKzlZIaEk=', '7rj5Nu9OMfE=', '1JJVBXvwueo=', 'qoVN958JU7M=', 'zTGCs9qzkvE=', 'fgEELxflSqE=', 'VwtVrykXC3A=', 'Vg3BwnAckw0=', 'bCKhrRXsrBg=', 'VLhic5L6xeg=', 'FwN0_6WBFBs=', 'FMgWXrMBl4g=', 'NzRiJUSTEYQ=', '6EpD9HOiktg=']"
cc5rGRJXCDo=,xadMUnEeIxE=,Nu4EaC6xgxU=,"['5F1ESH1rtak=', 'NRNOSmys68o=', 'c1n0v9CGVcs=', 'uqDxnTIM8OM=', 'EDEPB-Fs04Q=', 'P7V_k36n-AQ=', 'zAy3z72h8Nc=', 'jNTkTqwYlUY=', 'cyEXor_1b_I=', 'UjY_6Ehhpbg=', 'xgcIsDUMCRo=', 'fIU4zSHqg04=', 'Fi0Rpl9b2T0=', 'Wpr9Os7flZ8=', 'U7hSRMhGaE0=']"
uO-CDk6Iiw0=,IoPXot_8G8c=,UySZhaKE-bk=,"['2M0jYPMW4L0=', 'oYrFe8CS6XE=', 'yFcrGCTO0Bs=', 'x9s4urCDNeg=', 'wU9YRnQNNCY=', 'wm0ShL9sQVI=', 'CfKgJdgf7u8=', '1NUSBW5KaGs=', 'R6d9yHYTyLQ=', 'kz3PKvyh8sQ=', 'du9QQ5lcBpw=', 'OaRXqRvDcqY=', 'XOispwPaIQU=', 'BJdPH7nG0hM=', 'xklXeygtGuM=']"
OCT5LF4RJ2w=,buHqYk7qxR8=,UAhYx-6bel4=,"['h1rswGXz89E=', 'lfmCsl9jTgw=', 'nEG06vXhxqg=', 'T9d2GPJD_Zs=', 'dpl-hJSHlcg=', '4Vidndkanw4=', 'Aq62wQ3n23E=', 'VkO0n_DsvjY=', 'wmthHniAgiY=', 'b8347xRcP5Q=', 'hLfk31AzT28=', 'sCH61uXV_Bc=', '2bcg2mzRids=', 'Fmujy19c5T8=', 'IXLvLcpfC9A=']"
JGReaCA571g=,kGPMCylxNk0=,2f8_quhnZhY=,"['MZ-tzlidl94=', '0cFaynfq208=', 'ElCopcoh1vw=', 'bu3T06CMY14=', '-Uk8HFgGVQY=', 'mqDC8D0iAbM=', '85UoXcFsxOU=', 'WFkb7raYFYw=', '9J0U-w29lk8=', 'QQAwJ-mC_xQ=', 'HNaA__-6YSY=', 'SlebNlSL9nQ=', 'OAa5faRjC58=', '3Y2sZYzR67c=', 'PZ86IoRBctM=']"
ylLeT5gqQAQ=,yGQ5rdT8UkM=,rnD8Uv1TDyw=,"['h6vNUrhVb7g=', 'GuCnMyOZ340=', 'xTTg-BnbOWM=', '8jsxqxLe7Mk=', 'tOaDANW96sE=', '6cEeNGaqwMo=', 'H4sqooqFEy0=', 'zTuwougj-RU=', 'e8c4nPBYMLY=', 'w8Jza5L_5FI=', 'fpa8xsm30qQ=', 'Y7je1XYuDnc=', 'wzWrHN__DM8=', 'OPAoAKx9RRo=', 'AZmUvXbXruk=']"
VinmkA4Bins=,GRSLQtr4yIY=,YIdDi5uUI5o=,"['kSxO_o77iKM=', '3OsAQGTmys4=', '6vUTCRi8km8=', '05ndA3MrFKI=', 'TuSr47w1bnQ=', 'jTeO66usIBc=', 'M8ahDKd7qXE=', 'tq3qZ0rIffw=', 'LJU2jYxCwrM=', 'XaTmw03CPAM=', 'hLlGkhPIW24=', 'Ehy0qZBlaU0=', 'ZWSwsY8VlqA=', 'WT735c8UW5k=', 'mCBCdnf8MVw=']"
YRN3Aska7tc=,Lh-xFA5sC54=,iUhSg7s7EDA=,"['NF1Iz3V3j4A=', '3qRq7cwMips=', 'WRbpRdhcn8s=', 'hjaWsJZJGOA=', 'VukAvpZJE3M=', 'wGpcKFMdybw=', '3NOLh2LLt5w=', '5BCJ8t1ckCk=', 'X_o3M2K47Xk=', 'ZT2xig6tQWM=', 'FfF43EWp_BI=', 'axmcCoLWmzM=', 'xvR9_TUOsGc=', 'ZwtSDF9GB2k=', 'sdUpYsBZ27A=']"
8RLn7fTA614=,iSoHRZwzNzQ=,F0WEWW85OIw=,"['zrmXZ8Jb1Ms=', '6HplWqPj_VY=', 'fi00k7qYcSY=', 'TKpCoEfw5R0=', 'wrDUASQIhCY=', 'YweJDwDPsQ8=', 'bRLrVOA1C7s=', 'W9K5KVzzCRE=', 'EG2BojWZteo=', 'Cmp0jxfvU5w=', 'g5Ls5l-qvs4=', 'FRHtOliQzdw=', 'LF7Y94JkS9U=', 'YDdrZp2W8ts=', '8_pP8QrKj6Q=']"
skIi4riQGCY=,e6qGgfKmQno=,BcAgQ5Qif24=,"['k8G5ahdfrWU=', '3NtIknfzna4=', 'GuCnMyOZ340=', 'gXq6MDuJW24=', 'zs2g_vCZtkI=', '3_e7_LFGKSU=', 'oS1dFgre2pg=', 'FliEO5y0Ykw=', 'r_s9yyBfan4=', 'tCTy-mQNB0s=', 'hdkRY3kxI0E=', 'wYURdBRpJSM=', '8PJ1n-GAtL0=', 'Ryg2CMK5n8I=', 'l1oKsa6BNWc=']"
JyErZbe6BMw=,4sWPOdRIBk0=,M8ahDKd7qXE=,"['hY6XMSrK7Vo=', 'lCZzOp5td1k=', 'HgQG6Iu8zU8=', 'HU8yyI0fRFo=', 'dSZAwqk5QUQ=', 'aG5MEGjP25A=', 'XhA__CI8eyo=', 'lB3EfOc3_pk=', 'wxWImQndcck=', 'Mo-pGwU7LaM=', 'C3_7bxM51XY=', 'mPFyFqP195c=', 'irL-q5BNZrI=', 'ab19VEKftLU=', 'TgIYGRwir8A=']"
GAjn7gezRjQ=,rP7PzolNmus=,tWxvC1dRNbA=,"['WGxayjm1Fok=', 'nnDvGUSZGyU=', 'x60gYh5T4mU=', '7m0AebsilVQ=', 'JwHEv19zD4E=', 'Xuf0Ijb_aoA=', 'j6oUL4PDAgg=', 'ZBQUMjrP7Oc=', '4Vw0dI1cxCk=', 'KgunKfpjrzE=', '7LfFK8OOY2Q=', 'hkBYtBFH4Jk=', 'irL-q5BNZrI=', 'sdUpYsBZ27A=', '8ugsA2iwhaw=']"
QY-Qssv3q4s=,gwNU9ezuWGU=,F1wlgdoIJvI=,"['37M2k0v0qHM=', 'k3n8iAo_XNQ=', 'TlkIIpvUMpU=', 'Lp_V_8Q_aog=', 'BwkDtJne6k0=', 'uGs1dY6119s=', 'N25QntzC7yI=', 'd4LlHOn3VXA=', 'hKHxEvMPy_A=', 'ndrxpW0dX-Q=', 'tK19HjQDris=', 'UIyisSYEa1A=', 'VXc4tSRY230=', 'YIdDi5uUI5o=', '3epOHRi5yEQ=']"
sV1TXSVmB7o=,qF74H8Wr4h8=,G6Y3BJJqxW0=,"['Il6i3cyGe34=', '3x_LuGir58A=', 'ZzfUeqj6TQ0=', '0a5PiPh5fdI=', 'EuqJ6ToO8YA=', 'SsXXVhubMek=', 'RaayZ7bdEQ8=', 'NSDqLMgY1v0=', 'BH39uAZ_Oks=', 'g2JaedAvtg0=', 'IyOHKndGTQU=', '2LNK3vcUHo8=', 'lVPzVl5hKAw=', 'iAxZHb9r9vA=', '159Hh8VcUPs=']"
TrhowGVLMHE=,jMmIQyMBMRk=,-6GY9rzlkss=,"['Y1uvBkg5kMo=', 'fEzOyuFvITs=', 'ZoOdCvrvqRY=', 'V2vR42FPF8Y=', 'XDQcKkTTgRA=', 'B22ntSICoE4=', 'FRiXJSST91w=', 'xQY5UT6nBZY=', 'm29wBLmQTw4=', 'tBgAK64cuTU=', 'gnry2hrqYug=', 'r8HHUYdI3_k=', 'ORNlHfIDotc=', 'I0soEq6oTZI=', '2lzXSSqSgZI=']"
bw9FLRyhMXA=,3l2lfPgz8zs=,-Uk8HFgGVQY=,"['2xPCR509Fho=', 'MZ-tzlidl94=', 'ccAedQRW5ew=', 'N25QntzC7yI=', 'ZH7U0pRQBh4=', 'jClwnORp160=', 'gY_Wdbxco5g=', 'zEmCjelNWno=', '0qs9Ijs1jzs=', 'K4K8YTSwBkU=', 'c14Fp5iYLnI=', 'zJr0TvTTzPI=', '6IREOlda4eQ=', '3P5ZyrNEuxg=', 'OHnpePvMim0=']"
bESWu6Gv3CM=,K4V9NgmpC5w=,7Xk6OSYpMGU=,"['VCon2bmAhVs=', 'eC97jCgqLm4=', 'YX0W1mq6nPc=', 'K9CKfq_4BM4=', 'tOJFd52i8Wg=', '4TiztMerPhc=', 'Zt7JNt9A548=', '9d2Yj845gcQ=', 'Rmhgur3ZBeY=', 't9brM1NEw90=', 'rFTuy7LIik4=', 'yZSJbEAocWY=', 'ta4VmGyA6Q0=', 'saSmmzpaO5Q=', 'v-eYY_rnqSQ=']"
Gp-MSW1s85g=,HSG9eXQXic4=,ifHag_8CTJQ=,"['Bkl5hJrQvZU=', '8jsxqxLe7Mk=', 'GuCnMyOZ340=', 'k8G5ahdfrWU=', 'Prv8YbM4tvc=', 'zkfkmG68qJ0=', 'IehM5IGUSr0=', 'ysjW1PmWw1U=', '4czPDuByxWU=', '3RC-oRvUxmI=', 'YLJHEHHdRDU=', '9NU9AHqdnTk=', 'iEf8xxwl8KM=', '-HpkvMsCcss=', 'aPJFL7IiWF4=']"
9EfbLuh2QK8=,Xkr4vaa8MiU=,B1s8FbatuMg=,"['c7MQNcr6FUw=', 'p_7dkz5saAQ=', '6yIk-Q6sOi8=', 'lrBd1tEtz7o=', 'Lh-xFA5sC54=', 'rdpejaFoHu0=', 'eJb9AJxzlb8=', 'X89aNu_ep6o=', '8B3w0eNmFp8=', 'C2lhVc9xzao=', 'z3xvtA7-QBg=', '4_9EuyGcTLk=', 'TKpCoEfw5R0=', 'PeOTdCDrK74=', 'vxrm8hHqP5k=']"
Gq8grBzo5tk=,X_o3M2K47Xk=,bj6mW285Wjw=,"['sW8IQW_qSUA=', 'ddjrVzFfkZo=', 'jQRQZ5wP0cQ=', 'K4K8YTSwBkU=', '9Xa0I1dz_PU=', 'ETHtx6bQ4mU=', 'V2vR42FPF8Y=', '9KOppNdI4wI=', 'SbGXuEiEtA8=', 'O8blFNv8gSk=', '6XUBmcM5leM=', '-wpggHPSSkM=', 'C1XXOsTGp3E=', '2l2ZSQWQc5g=', '1_NJhsm_tDg=']"
bENpbyDp6L4=,hVGgU3FzDkY=,ROmvpM2LiHg=,"['qsafFUxI6IM=', 'ZwIXVPFcqLg=', 'Zee8737kBTU=', 'Zm6M3rDkpgQ=', 'cHru3x5OmPI=', 'G5yqTeYfrcc=', 'eto28xkk6z0=', 'jyyRinfGupI=', 'TF86vFT21hA=', 'IgkoL8zCRW0=', '6pFxiAaHwT0=', '6YG_g5j1AHU=', 'ZWLAvSeowf8=', 'e7sS8j2_vTk=', 'KvM7ZnEq6uM=']"
8WgdIlYGRyM=,1fKjxFhww0A=,Du1VMQn7zhg=,"['RVnwH4QlFsA=', '_Arm4uO3cKY=', 'uXbEFPpwIFQ=', 'JBaCRYc9TrM=', 'rvqATQCCZsA=', 'Jmn0PA4oimQ=', 'AuxPP919QJs=', 'keArPLnmgdA=', 'wv3SDJ6wwxc=', 'VlNwMHGm4s4=', 'nMHcbNHd6Mg=', 'xBa6GeEmnDs=', 'WGOGpyfLVx4=', 'Fts6hVPK-EI=', 'W7unQrfWBDo=']"
JVCJHVavoXY=,gCe_dtMXAvs=,LbwMXKSiCJg=,"['lRM-yh7DhHk=', 'cXk8htJi730=', '-V1juzB4oa4=', 'GEOoJ350KYg=', 'TJi9Brr3Ezo=', 'EkxyjXIOPBA=', 'ElmSB1wcVB8=', 'wrDUASQIhCY=', '-FCz5vaA86o=', 'Zp6wuEdDleU=', 'w6BpkOw3I5U=', 'M_1Y4rG76f0=', 'L1MX5NdYp0c=', 'lFz2-eoDVzk=', 'PRhrRZmbwSY=']"
okmMz6JRFTY=,9NU9AHqdnTk=,AjaDEeFdBVk=,"['JQVw7WhD3vE=', 'bm5655TpPiE=', 'UoquEfZt_u4=', 'I05YBqYxJZs=', '3SeVH0uR9Qg=', 'Hgk4smq5I9E=', 'IBYQFhbNikE=', 'PZ86IoRBctM=', 'rjJNkrLZUjc=', 'gKHuzOVxBtI=', '_BC0L1KNAlU=', 'JjbS0foxHjU=', '-CYId15SC7M=', 'S1x62mmvCxY=', 'znI-MXIWsfw=']"
ENleFZgU0m0=,OO2FQSJtZmg=,68LblvVIrVU=,"['O9nNAstPi6g=', '7SSWydMMqCI=', 'XaD_WTI60f4=', '4ksKAhJ-aAg=', 'm_m3I72yJGk=', 'LFYzg-5-KK4=', 'iAG7WA23o_Y=', 'dsuMiL8vZFI=', 'L-dr04QXZQQ=', '7UZlUhlp-g8=', 'QPC6cEV2DtA=', 'CK2SaWHFJN8=', 'tuwac-_9ZbA=', 'YLJHEHHdRDU=', '2frHqvXhx98=']"
4bAxSpd98K4=,hS1qmeA7XLI=,Zh5a3fTOucM=,"['Ixbp0OMZOFk=', 'mJwIFacFmk0=', '2STScwbYipE=', 'xJMWzFDjUpo=', 'hW5QbnAd6lI=', 'WXImiXV4e1w=', '_oWorIOKfsg=', 'NDZfpCpbykE=', 'gaQMXe6wj4k=', 'Xuf0Ijb_aoA=', '87vu_Tbdlv0=', '7iizGlCOlxU=', '4s1S_KFu-DA=', 'TT-1YEEncUc=', '4ofahaCp8yY=']"
aP3lHTc-_b0=,M-t5fxi7S10=,48u8YeMvYLA=,"['TG0gBj1qbig=', 'S8j9unb_v3s=', 'j9xeARnIeRc=', 'Lm1PHB-u-Y0=', 'rWYV5mfkvVI=', 'dJ4PyfLmn2o=', 'H8nDt6biNr4=', 'Nmh-xplANKM=', '9d4bS_MWY1A=', 'gTZ1MHtx3yQ=', 'il9_D9o0niI=', 'IgdjXEn--rc=', 'jdlgUwIqo5c=', 'tq3qZ0rIffw=', '1VJGoM2bbS8=']"
PJEoG10KUQ8=,2Z6qaeEZtww=,0aqI0gSX7vI=,"['sAYi047s0O0=', 'us4cyoHrtog=', 'z7VtYvvLYNY=', 'gSkRejQdtiA=', 'H0qGAenEt2E=', 'cMUVDAirtY4=', 'v4y8Y-vo5M4=', 'IJCKU15aFNI=', 'UiBbKlI8uRs=', 'VhLAQZ2moZg=', 'RjU5USCeeCg=', 'gDoJ2QMOLYA=', 'AueypSUhUJQ=', 'Cmp0jxfvU5w=', 'Hqqz8-DovnQ=']"
rtDPMkLYPwk=,F00r1ikzGWU=,3XgsrbJ4Y0U=,"['9RRGkUw6Fbo=', 'ZdbUYXe37L0=', '5Cg9eEGSx6M=', '-I6hESJWFms=', 'Tknv22norSk=', 'p_7dkz5saAQ=', 'gK41roQsVoA=', 'O4VI_58T-pM=', 'zat8kd8ZvGQ=', 'u3M-NuoEGYw=', 'wAYwEvgpUH0=', 'uNMJ_ppN_mA=', 'WGOGpyfLVx4=', 'Dey3wkIuybo=', '39EXj0TEMpc=']"
NBfvNzNoDJM=,6yIk-Q6sOi8=,j8bKnLr47ao=,"['7YZkOUEAMEY=', '6h8iSAcy5Jk=', 'PRhrRZmbwSY=', '-AtUMj5LqTk=', 'bCKhrRXsrBg=', 't50pFYb8ys0=', '_-YwqK6840E=', 'IP73Af5C0EU=', 'r1uOUfbJ99w=', 'subEeicUQ3M=', 'subEh4p7mqA=', '8vMCp0ut_Ko=', 'VG-zbE_gpsI=', 'Xa5bhbQ6zx4=', 'ygEgj_AqKGA=']"
NvZBqhEa_CM=,23TgY6WSKaU=,L_cd5Wh0jj0=,"['7afmbhNc7D4=', 'jjHtS1DH8z8=', 'rA7Mj9nr9T8=', 'UhmE4RB7Izk=', 'z3xvtA7-QBg=', 'S3wAkd50YNo=', 'ZdbUYXe37L0=', 'ntYOD2eDJS4=', '_C7k4lhOEr0=', 'zJr0TvTTzPI=', '6EpD9HOiktg=', 'v2ea-Uk9nss=', 'PWe31p7Qg40=', 'opKinvULHxw=', '6PGS6rjXpf0=']"
EUp9u0u2TAE=,eHws9NmLr34=,pJ1NWiwAdiw=,"['umz_e0MC3Hs=', 'LWTtx72Jf90=', 'YZgy1xDOz6w=', '7SSWydMMqCI=', 'gSkRejQdtiA=', '9aa4LFr6RGk=', 'tJgUQpYSgM0=', 'Pqzc7Q4l-V4=', '7fJjWebH-u4=', '9kb95rP2y3w=', 'GBTmAFECOxs=', '0LMQgRZeWkU=', 'CZq5TGpCCiY=', '-I6hESJWFms=', 'AeLQblZ3wnk=']"
LBacPeUV-8s=,QlXUPC5d2sc=,cG8muPkaJQk=,"['zART6Xrp-tI=', 'OMLGFmQnXx4=', 'MyZLR0cS3So=', 'OICgBK7GgoY=', 'Zl8zo_5Uyq4=', 'cmyiN2ciD0k=', 'soGWJjlURSA=', 'usa6o8ccmto=', 'rRsVaqilfVY=', '7czcqpeKx6g=', 'ifsI43ByVoQ=', '0rlzSlp_qEQ=', 'buBUmhU-IAc=', 'fmbrJa1Z6M4=', 'wEfohMxnGvw=']"
1UbF3QWvHsk=,kWPdCE1DO8c=,D3-6-pk1s50=,"['ZBgu2B77i7s=', 'vjf5z3DsJME=', 'DRpljZ9MTsk=', 'Hn24_wZDqhA=', 'txDG8dGHxjY=', 'x_revY4XC9M=', 'IE8tQssXoQo=', 'qgd4LkiPB9s=', '56qW2jCAtKw=', 'deG_4a7_4Vk=', 'mnDtY5CTE-4=', 'wQh9p7cl1j8=', 'cNRWYlMqQRo=', '5PpI-HR69oE=', 'OHRRJCOdoqw=']"
SEW2p9YFMUs=,8Jvv7Z3lweE=,-5KB8jrb9LU=,"['Eu_g23aVGDI=', 'DKX7bgMOMFo=', 'q_oT22tzOgo=', 'oo7XFqfet8w=', '1j1AXSQNefs=', 'b9Cxnr2urJw=', '58-tIaYzCMM=', 'lLtWSBZv494=', 'WtzmB6A_mXw=', 'XWQWTumnMm8=', '8BtSvoSEZZo=', 'CS_9UlBPBgg=', 'RVnwH4QlFsA=', 'gcbKshbJ0G4=', 'ZCsbZynezgM=']"
3ZVLH7Vrwuw=,u9yyKy4Mu5E=,SspSsq96ByY=,"['KvLnky2SMMs=', 'y1BreXlP-54=', 'gUjg1YnIsGw=', '6uiROiMr234=', 'R2m1wis6YxE=', 'IBYQFhbNikE=', 'w9Dz45yCZjE=', 'Qu461zhd4x0=', 'sJi-gj9vCDU=', 'WBBF3_VBUww=', 'Iy1LEUxJeSo=', 'OrKr6MHZ1r4=', 'fwLx1Y_RcGM=', 'ZLm9dFAgcDI=', '1GPg8mSozXQ=']"
_H_CmHzJu8A=,8a-coDmivQQ=,8_pP8QrKj6Q=,"['VUKn076VIgI=', 'HVijfzzw5nw=', 'Wa7FGMjJ7Xw=', '1wIMFjh2EvU=', 'LF7Y94JkS9U=', 'wZSsHX-pGaE=', '_I69cnGwaV4=', '--oeFEyHK20=', 'VohTrYZvj14=', 'ZWSwsY8VlqA=', 'DJglGymiwxU=', 'Er2LktOw6Ew=', 'QWH2jOlCC2Q=', 'FMgWXrMBl4g=', 'GvgBP3e3PcA=']"
sWeES9BG5MM=,8-mqe0fLKOI=,uSRolnfabtE=,"['uDvkHKblqxQ=', 'fKJRXFeSrkk=', 'jUM7w0rhU0I=', 'us4cyoHrtog=', 'HU8yyI0fRFo=', 'F8-Nn8ZV1m8=', 'KjnbBfFOUZc=', 'OoGtQgdY6aA=', 'Q0TKF8rg88E=', 'DRpljZ9MTsk=', 'TbasC2FCMzg=', '0zRpMJB1mkw=', 'z7SrAegCRa8=', 'ytqyjUD_QnU=', 'Yzgs6tfj5ac=']"
73LvN8iuYso=,2L8G1VdxdVU=,npGidAmetbo=,"['ESuY2t9TOKQ=', 'EIT-S3t2pIY=', 'rJpAtUg-jno=', '-FCz5vaA86o=', '9UzyqWGJrh8=', 'MnybbwGlw8g=', 'Mj6W5ygjMKk=', 'CZcVQJWuwzI=', 'uyOpdBlvpkU=', '0TgzT9JuP2o=', 'ctnK30I08xk=', '9WJpIPQzUCc=', 'dc6y6-YLgMs=', 'tQAwZuwcUmI=', 'HOOHSUf1elQ=']"
2knRVq8nqtc=,n-AnkMdawuU=,69CYq-whZCs=,"['RWHMENehAyg=', 'P_UIpmn-0y0=', '-HpkvMsCcss=', 'SO_VMs36TcY=', 'r_J1jo5D_Eg=', 'PeOTdCDrK74=', 'iHd4fOkYrnM=', 'gqUeccp7sdE=', 'ucFKzlZIaEk=', 'x9ho8w6xvKE=', 'sCS-McglY5M=', 'VSuYlgKoGpE=', 'U0UFfbdLWE4=', 'ZVSEd6yAPFw=', 'jiTbX2HiwQ4=']"
pS3AUqKGkyQ=,sCS-McglY5M=,fprWEn01GvM=,"['yR-FNtevrx0=', 'sZa7TE44aa8=', 'OFHquM_CWoU=', 'hfWYmT_x1qE=', 'tZCsWUjYEfI=', 'ZVRt4oEp1EY=', '9GtDpHX47Cs=', 'eapTgVAG2Is=', 'CelTCUmh3mI=', 'wRZI9tOCUkY=', 'XABfMwe3tlQ=', '4b7Yb-VW4a4=', 'S0hassPvFVw=', 'qYdEHiozEz8=', 'uNMJ_ppN_mA=']"
siyUpPOZ54Y=,As-KpCz4FE4=,su85htRqUzA=,"['aRO831QXVCE=', 'ebNIawrrv9s=', '2e67x971LkE=', 'NnwT6IPeNPU=', 'LnJMPRaovA4=', 'Iu4pFWuHDcM=', '8K9upvV6hLc=', '8_pP8QrKj6Q=', 'l2AQnI_0OhU=', 'izfaTg8D1Pc=', 'ttqmEvlqRO4=', 'Cg43xv_n1Qs=', '_-22AaUrJxw=', 'AaEF6Ax301k=', 'BwkDtJne6k0=']"
wqJGUgf_eVc=,Uiq3Xuwkwwg=,uF2vhN7CCMo=,"['xbsedazvoDM=', '1JJVBXvwueo=', 'J0C4WS1X8RE=', 'cwFU_op5Zg8=', 'gS9KXzOu5kA=', '-o0CZFcM-I8=', '3B2Rl8AIvjQ=', '0LMQgRZeWkU=', 'AlwWfRNQGIo=', 'FguccL4V5EI=', 'P8VjqyGY7wo=', 'QTWUj76kHlc=', '2L_gIi9mgFg=', '_CBx88N7aAg=', 'CMZ5O-aN-nE=']"
Zifs9AWm3Vc=,vP_JHNLPY9Y=,TaG6DSFYkPA=,"['mm--bFZRh34=', '87vu_Tbdlv0=', 'UIyisSYEa1A=', 's7dycPZLvW4=', 'Py8eJu0FZrM=', 'jTeO66usIBc=', '2Vkqg4hLTfM=', 'TbasC2FCMzg=', 'iNS2lOyLjW8=', 'g4hr5W5MQGI=', 'A-BYAgxBv-8=', '05ndA3MrFKI=', '2L8G1VdxdVU=', 'MnybbwGlw8g=', 'mCzZt22r-6w=']"
BfeKk7pRgdc=,Xkr4vaa8MiU=,OZ8TY4TQA7A=,"['O9nNAstPi6g=', 'C3RKGQwGLn8=', '7SSWydMMqCI=', 'nqH35TPSArw=', '_lIgUedVu_g=', 'BSsQGB2SLWI=', '7HZpE2b8iBg=', 'PvM7qB5efiM=', 'qDG-leQPu9o=', 'mri9jy1XSuM=', 'SHGzcVfNsdU=', 'oEL2iiAfUMw=', 'ln2SF84gvTc=', 'IlixC_pLPpo=', 'kXXemZRo9v8=']"
DNBcKHXffyY=,zF7CtgrbhdU=,cNRWYlMqQRo=,"['fbicRoTrpXY=', 'uWXJMe-BZco=', 'IuVIpylgREI=', 'vTyTO8RkR7s=', 'ZlaN_Zp3NqI=', '4Vw0dI1cxCk=', '4Mj3dRDcbto=', 'QrRuPdpSKb8=', 'PRfZoE5kOls=', 'NoG1uaPaFeU=', 'Xuf0Ijb_aoA=', 'kpoTPwEhhco=', 'ZBQf2fgTg8M=', 'VCon2bmAhVs=', 's_tuNSx7o3I=']"
XBwOwhXoSXs=,159Hh8VcUPs=,pvNjZzwFtHw=,"['_8uBPZoruzk=', 'laDGFg5ELnc=', 'CAIypUYhBAw=', 'U7RmpJxOGY8=', 'Z5ALbRK4E94=', 'ClHSa4y9piw=', 'jxCD8C3w0ow=', 'gVPdvJ_2eYA=', '_5Q5pfN-go8=', 'NP2BbXDcgiI=', 'ynCEWSYXIaA=', 'EvBqtW48nNA=', '8K9upvV6hLc=', '_0oRk6NCrIc=', 'F8-Nn8ZV1m8=']"
PjIbAA9bZ6g=,Uiq3Xuwkwwg=,zm_d8jJbUak=,"['gMuyqCSbCyE=', 'cbFjrh-PY4E=', 'RK5nEF_cXQY=', 'Nw6oz59syz0=', 'sOcmqN4AtxM=', 'BNsjApo0t1A=', 'Er2LktOw6Ew=', '023_pYvV5EM=', 'GhDNh-2Bi1Y=', 'L5V3dPvDt3U=', 'nit_vkrnuZQ=', '3lFTxmlZlQw=', 'wrDUASQIhCY=', 'LV6dH6ep2X0=', 'Xjf47Ce-0DY=']"
gWzFC0eOE70=,tv1rzySftfE=,ZwbKTdzg2Uc=,"['gvtdECuCb74=', 'eypy4rHtlew=', 'SQwApqpdRpM=', '6HWIpzD9Jps=', 'P08fDXOmCEI=', 'ABgqSG3I4bQ=', 'hRYypQ-As4g=', 'CK2SaWHFJN8=', 'NOGG9Zaq3DM=', 'RcE1hOXpxzg=', 'HNaA__-6YSY=', 'zY8J2U4pP6o=', 'OE_hIXres9w=', '2t9rgZjQP44=', 'G78Ee5C1DIs=']"
jyNNKdqT2c0=,OR5fqJVt48c=,IB5OaW3VCFU=,"['RHNq9JFrt2w=', 'Rnz78ygNjgU=', 'leHLCs61qnw=', 'vlPY2AIJSpk=', '9MGsVNpU3qI=', 'VukAvpZJE3M=', 'bKNIF1fuAUs=', '-y8Yov2RlRs=', 'TSvXSJDatH0=', 'SsXXVhubMek=', 'yWjDuvq-ZLc=', 'O1DSyrd3qJE=', 'NFDdd5EFvOU=', 'zCfyWuaMwKw=', 'Eu_g23aVGDI=']"
JNg8XEoSdjw=,tF5U6J5zoqU=,f8j3NAfPK0U=,"['lCjAR-mVX7c=', 'aEfiTK9DHAo=', 'uW-Dyr2wPyA=', 'XzIL5nuDeIE=', 'vYjLNb-qFQo=', 'w1BMyj8keKs=', '-Uk8HFgGVQY=', 'hEbY-KDxKe8=', 'TxPGkIGpH88=', 'jMU931KL574=', '_mpmAgdGbX0=', 'EX_MxBtpmQM=', 'tbupmwcVCbo=', 'NPqLULKZYew=', 'SzUBxK9rLBQ=']"
zLUMcCcM7Sw=,9f5KPcswWTY=,zCkwPnLfZlc=,"['izSUPS3a4qs=', 'xQY5UT6nBZY=', 'EsPSIrqEYTQ=', 'RrvKsVknlJM=', 'VkO0n_DsvjY=', 'X9FaY6GsXKU=', 'b6rmHoucOhA=', 'RdxheeOg5w8=', '-4H-f6GAXlg=', '1Xv6psedj10=', '0Hxxe_xfNUc=', 'r0zjcFYrtwA=', 'IFUpeBQP4No=', 'KihSlv-O0t0=', 'OoqH0ylvya4=']"
eGucHMNRD04=,coWNm4INcw0=,VdWJ-zkAl5g=,"['RK5nEF_cXQY=', 'RxlNKKwmTxw=', 'Qv6ArysMaqU=', 'cbFjrh-PY4E=', 'w8Jza5L_5FI=', 'BADHG3THKCk=', 'c-mjg-pq8uc=', 'mz5iyuBhRK0=', 'wQh9p7cl1j8=', 'L1FsO15_5pk=', 'gEarC__SqMI=', 'Yd4UKw_xlro=', 'x4tch_TETxI=', 'CfKgJdgf7u8=', '9je1VxPPoIQ=']"
NqJfbCVlye0=,Du1VMQn7zhg=,0nfr22k7quU=,"['ZQIRTBK0IqQ=', 'OydkCbzsjI0=', '-fIlZVbN3vg=', 'AW-Q89-wgOA=', '2Z6qaeEZtww=', 'aoc0hBqw_W8=', 'hWZmnmS02G0=', 'RoyC0z9R1wM=', 'aOubuI1wPjE=', '3JabiFXzQfE=', 'PcYSp18B-VY=', 'HJYis0XPXek=', 'XcGe3-c9piA=', 'K5iDN7r-o2E=', 'HS9wXfdcdcY=']"
hu_3anS5QMw=,_8uBPZoruzk=,H4sqooqFEy0=,"['txDG8dGHxjY=', 'vjf5z3DsJME=', 'D3-6-pk1s50=', 'ZBgu2B77i7s=', 'mri9jy1XSuM=', 'rDhIKNaqjZc=', 'xgkmcm4z7pQ=', 'C5DGmK5b50g=', '0cFaynfq208=', '8f4YgaLoyGY=', 'CkQbGGmSPrg=', '0fddRQ5K2e0=', 'k94eBzLjYOQ=', 'fUsx-FbP0f4=', 'Nw6oz59syz0=']"
7sq9aAVx6fI=,SlDg3sOeuiM=,6Fa2BAbG4kI=,"['q9nGUQIrVJE=', 'z1jO6rOsuCU=', 'nOXHkpk7OWc=', 'o8_5_pkmo44=', 'cscSqmjpQzA=', '7YZkOUEAMEY=', 'cLxr4B-FWUs=', 'UZGHfGViiCA=', 'e_8MQq0t9S4=', 'FYjRyqfaB_4=', 'MyBa9B90aK4=', 'gK41roQsVoA=', '6IREOlda4eQ=', 'gBkL4zLgOQM=', 'QTWUj76kHlc=']"
IEqKHWWrSqE=,F00r1ikzGWU=,_mpmAgdGbX0=,"['7ugraTNeXyk=', 'RX5WzZCm6FI=', 'OvA7TQJbcDY=', 'HgQG6Iu8zU8=', 'i501kgjgSu4=', 'aM_jBw1cP1A=', '_6sXNP72ies=', 'EF06X2nrsoQ=', 'AyG0CSn-pM4=', 'Yn0lhlJIZkc=', '3ps3_u-hpXA=', 'DF65RPZOWa8=', 'BCVVoSdcFJE=', 'ql3PzgMjzNw=', 'tK19HjQDris=']"
QrPyIMsVKX0=,Xkr4vaa8MiU=,OMlfIp1Scwo=,"['vBehU8i2zOc=', 'FKPal1V0TkE=', 'CMWvbT3Oo0w=', 'a0wnqrDErss=', 'rCKF22bZf3s=', 'ER6tQ7mxols=', '1_NJhsm_tDg=', '_CwUtFz_x7I=', 'xsq1Tba81Xc=', '28Ln2KoBm28=', 'R-Oc0745zBc=', 'oEL2iiAfUMw=', '-9UGepIACUE=', 'PQfYjRCylgI=', 'XS6CebGiWyg=']"
WZAhN9icrXU=,06jEGnVyNA4=,AT98YAv-J20=,"['RPnjeXEcof8=', 'TxqmMSapbWk=', 'oBXb4drQcDQ=', 'JmNljotfp6Q=', 'XWQWTumnMm8=', 'DlJXoVZDf4E=', 'jN-Oc8m1LKY=', 'maGJ-DVwDLE=', 'GBTmAFECOxs=', 'u3M-NuoEGYw=', 'xOp1bFhJM3o=', 'YEf3-KD4cBk=', 'D2eMGiEYN1w=', '6k-bUFE89r4=', '-AtUMj5LqTk=']"
JpWEJ6tBC8w=,nTOdYiOFUUQ=,6yIk-Q6sOi8=,"['lrBd1tEtz7o=', 'c7MQNcr6FUw=', 'p_7dkz5saAQ=', 'p0VTu4IaKvk=', 'c1aU4mxlM_A=', 'oUC7kbAn6Hs=', 'CMZ5O-aN-nE=', '71wxnTlYDAA=', 'ESuY2t9TOKQ=', 'kSYL95O9fcc=', 'eonFlglsgoM=', 'Baxr4UkQKNs=', 'S0TqwobEBdc=', 'RPnjeXEcof8=', 'M-t5fxi7S10=']"
SvFRXt4hlZI=,wW1ojeXC2G0=,w4EJ2ETGlAE=,"['CZcVQJWuwzI=', 'cW1HLKH22b4=', 'iE9HtJomj-E=', 'GPZN1VS1pfs=', '8i9yBR4uBfg=', 't63v3YBEUVQ=', 'OZmCkOOUR5g=', 'MBzlKDKq3Qs=', '57nnwPWKVco=', 'RkHZ4G9oT5s=', 'uKYCc49jsqo=', 'lhhsIuBAEpw=', '4rGY8x_P-6s=', 'lRM-yh7DhHk=', '6J1reW0eHkE=']"
-NAUuLE8yow=,w9Dz45yCZjE=,ZiRZoPCdnwg=,"['hddhS87ODEc=', 'oqAJPhMLf-0=', '7b27jkd3LVc=', 'z6Lp4UWArmY=', 'GNA0g7j4hX4=', 'mxmOfn8jfzI=', 'Pr1X9RADF8A=', 'ATyRn5D5QTw=', '2WzhQ3NNg5o=', 'q9nGUQIrVJE=', 'ZBQf2fgTg8M=', 'Oe6GRf-L4jA=', 'jviIgOWhWzM=', 'NfU5DM59uMM=', 'JGDWOYI_USQ=']"
5xVoh_KMk3Y=,LF7Y94JkS9U=,hE45F-UG4Lg=,"['7rj5Nu9OMfE=', '1JJVBXvwueo=', 'S5zWMDWN_Zs=', 'RgUNGOdLaiI=', 'NSDqLMgY1v0=', 'Ni1BQLb3O8E=', 'glCXzQ5NVnQ=', 'P4XtcMki-NM=', '_cilyAcXhdY=', 'uDvkHKblqxQ=', '5PkCCfMfNxs=', 'x4tch_TETxI=', 'EsPSIrqEYTQ=', 'cu_vHqyLyo4=', 'ukVHWhZ2RWw=']"
3Mbw55OmORI=,JwHEv19zD4E=,UKFr1a1mllo=,"['c2z9oBncHis=', 'Xun5SjD5HLo=', 'YPO6Yiqu5fE=', 'x8IBMAP3VMo=', '8WTRO3egE8I=', 'yD_IPFW6Rzg=', 'F3IiwgBcTno=', 'co_oGiwnDX4=', 'VhLAQZ2moZg=', 'bCcGNxb24a0=', 'zjebxLk7C9E=', 'LnJMPRaovA4=', 'sD5zuxkFXkY=', 'tKHIwAMa8-k=', 'wp8LtdZ3SgU=']"
Aosb78S2G6M=,DDA--fEYnLw=,-OtEoIkKLBE=,"['7_3vxiZ0xrs=', 'WklgleXn4uM=', 'W-dQ48Fwds0=', 'NSDqLMgY1v0=', 'zpERN5zblYo=', 'pnx3s1XAnz4=', 'TxPGkIGpH88=', 'Wqb-6bbGqAE=', 'oA4GRoA2kT8=', 'gPstLdDDYhY=', '-o-yxRTA0-s=', '5MpstIz6dWg=', 'L_dmwC0sRKM=', 'yMmY1VUFkgg=', '2DinE7cVGQ0=']"
AyiopQs18qE=,Hgk4smq5I9E=,MkOxAxdXwiQ=,"['2PFrzioMFPk=', 'cT9YSO-EC-4=', '4S2JNIGPlhc=', 'fQYRMaLmvnk=', 'OrKb8l_OBD8=', '63TjAAj517Y=', '3x_LuGir58A=', 'bMOpW-XbhJg=', 'u4q7iqgf6aY=', 'NnwT6IPeNPU=', 'cNQfNVmmMUA=', 'qc7v89jaY5c=', 'MnybbwGlw8g=', 'yGQ5rdT8UkM=', 'Z9fnmy7vMN0=']"
OaaPLZcHvgs=,36yv0Ge63cU=,_-YwqK6840E=,"['drOIKLZ6DI4=', 'gMuyqCSbCyE=', 'jxCD8C3w0ow=', 'IxNTDVpakk8=', 'JAGbOC3AwHw=', 'g2JaedAvtg0=', 'qsafFUxI6IM=', 'AT98YAv-J20=', 'DYThe-mzss0=', 'yZSJbEAocWY=', 'nL-IRGWqwls=', 'V2vR42FPF8Y=', 'xgkmcm4z7pQ=', 'xdilyhpwa24=', 'YPO6Yiqu5fE=']"
YQOPi7vSEFI=,ZpXS4Vo1j-I=,AGCgt1GPOL8=,"['iNS2lOyLjW8=', '596qXoP_MPA=', 'fTnHa0Omd4Y=', 'IXhWODq7Feo=', 'Xig4ZCorO_A=', 'JL-C57yeNgA=', '052pzNckP1I=', 'NzalpnJqqVs=', 'AuPfdai2ohk=', 'r1mOsS_LpKE=', 'o9zUnsbLe44=', '297Eikq3qAQ=', 'hyDfIHFSbu4=', 'QTGpC9L54zI=', 'hN4NhIypKDs=']"
lcgXOgSmA_c=,d1ClgNlhPPI=,ttqmEvlqRO4=,"['z1jO6rOsuCU=', 'cscSqmjpQzA=', 'o8_5_pkmo44=', 'nOXHkpk7OWc=', 'uW-Dyr2wPyA=', 'ncvmLYJwbcQ=', '3lFTxmlZlQw=', 'I7I0d7jcZMo=', 'OggNrCqc1zQ=', 'KPaZfHNv3hY=', 'NjZjmuM4aAA=', 'gNc7MTCqfag=', 'L8enpSg3pTo=', 'XaTmw03CPAM=', 'BG3MXi1yBxI=']"
ll3XdkTwmAo=,B2nWNkXRBK0=,BB7JejRoT9o=,"['D3-6-pk1s50=', 'vhrGN60T_Us=', 'ql3PzgMjzNw=', 'AGBu6t45cQY=', 'GIEsvl769Bg=', 'x9ho8w6xvKE=', '-8Ws_1bEx-E=', 'UjrqYWcP3AI=', '5v5ZdRofWjc=', 'LXCoEdfq1hs=', 'oqAJPhMLf-0=', 'B1s8FbatuMg=', 'jPTiJJnYfd0=', '0aXTJ7TBQag=', '1H2O_GmTP_Q=']"
IMuFiWYIV0o=,eonFlglsgoM=,ncvmLYJwbcQ=,"['lhO3yuS3Ga0=', 'Bh_Za4B6z78=', 'WmN6IYo5x88=', 'RtSn1fWazsM=', '8_jtv7z_Ujw=', 'qndMFQmbw6s=', 'SjMWCKqRlWU=', '3_e7_LFGKSU=', '7_3vxiZ0xrs=', 'wGBGojg1GM4=', 'HPHt58ScDlM=', 'mTRJnWGcFyA=', '__V3z5EJ1_E=', 'ZBQUMjrP7Oc=', 'mCBCdnf8MVw=']"
c8sS9d1gOnI=,yiuFe7oHB9I=,OhDo-xRH0KA=,"['viyl0tsW4rg=', 'vjf5z3DsJME=', 'SxmjlY_Y7Eg=', 'r8HHUYdI3_k=', 'ANMwscCJIQ0=', 'wzWrHN__DM8=', 'Oc3S_0WvB9c=', 'CW_nYLQCjL8=', 'iAG7WA23o_Y=', 'eKl9tYBV8aY=', 'gUjg1YnIsGw=', 'wiE2o7CfNls=', 'OICgBK7GgoY=', 'buHqYk7qxR8=', 'WLJe1hBkP1Q=']"
PNsTCfdnx9M=,LqfRLCDDJ7c=,JB_4DMJsoc0=,"['puVIVnux8M4=', 'cLxr4B-FWUs=', 'YfOambhzDbs=', '1VJGoM2bbS8=', 'a0wnqrDErss=', 'EDJm0JG5Krc=', 'avCdTQEhDuU=', 'fyVzYWJCoMU=', 'FKPal1V0TkE=', 'Nhs70x9pYfE=', 'ZiRZoPCdnwg=', '3Sy4_o0vaG8=', 'qqeUYCZuODI=', 'eGMlrKYtu_g=', 'F1wlgdoIJvI=']"
yXSCgS0RuSQ=,Mb356pdyOE8=,zQZycpUpcqs=,"['Gu45XK7I_b0=', '0O_nWQSukHc=', 'LM6_0sj92ys=', 'aB2k52NM4PI=', 'ORpUdPIhGl4=', 'aaGFoM93AcY=', 'naasUmHV0-Y=', 'SR3OXr_cgbo=', 'B_DEoON0vPg=', '7Xk6OSYpMGU=', 'KwEQxOQvha8=', 'CLgQAum2i6k=', 'D3-6-pk1s50=', 'nevZe53GeIA=', 'YQk20GJd2Q4=']"
ED7YHEbB-to=,-mnvJwTo7DA=,SCu1JwMJw3Y=,"['4b7Yb-VW4a4=', 'vQruxEEYXQA=', 'h_8JCMhNtcY=', '6X8cEfcFYF4=', 'ZLm9dFAgcDI=', 'CW0lCYQgfF4=', 'lrBd1tEtz7o=', 'Zh5a3fTOucM=', 'I45FYDIlPng=', 'RtSn1fWazsM=', '2PTDhhP2I7Y=', '2ekZKfl2rXs=', 'LQDYbDLiDwI=', 'kBN9GF4QaKo=', '06jEGnVyNA4=']"
PMpmTsyE11Y=,DJLKuVsB1ZU=,oWhVyWnDiCs=,"['C0Fwxfjs2K4=', 'ojOv0Hbx7jI=', 'yVPDFbddAeg=', 'EwXpO1EFRGE=', 'qqeUYCZuODI=', 'iNiO6QhmSvY=', 'bSaoFF6uRBM=', 'hAui4Qiqfhk=', 'ySHPNFKdwqc=', 'JL-C57yeNgA=', 'imWQLGXa4sg=', 'wGdT7Y3-AHU=', 'sWV9BJgNNeg=', 'sOcmqN4AtxM=', '0Vhxi9no_VA=']"
cX67ra12aBM=,PyA4rYviAq8=,bj6mW285Wjw=,"['5S973h1XHuU=', 'NMMaQtM5IJU=', 'InxKIY_bTb0=', '4Aqx3-VBbzI=', 'VxRkxE6DQPc=', 'kFRhWbgUMyQ=', 'ViEgy7qFtRs=', '_k6b9JUueu8=', 'cG8muPkaJQk=', 'Gi4Mme1HNbI=', 'ttqmEvlqRO4=', 'aOo0PXvFkw8=', 'L_dmwC0sRKM=', 'yGgEQcqu9ks=', 'PcF5MSFGtZM=']"
SSYfXWcseVY=,kIQ5wbzMXsA=,RN_JKwUeBTY=,"['2pT4PFdGaoE=', 'jiaOwr0AFj4=', 'CiyJ3QcZ7Q0=', 'yJJ1BjCULDo=', 'oCxXz6DJ8Uw=', 'sQhiKN5GLIc=', 'vSeyoKqAbPo=', 'C3RKGQwGLn8=', 'VANGIl2K050=', 'zyOXOP006gs=', 'wv3SDJ6wwxc=', 'U0UFfbdLWE4=', 'AyG0CSn-pM4=', 'VnzPMaowj6E=', '4ybKhn0a_wQ=']"
oxC0B6TIjwc=,3Tc7koCdeX0=,mdyM3u0wO2Q=,"['MjSiNg4LQ1s=', 'vbWE9N_N9Sg=', 'oq-ouJ8rJDk=', 'cYOSbVMURRg=', 'm2DdcH6FIa8=', 'hOt7I1lGDDA=', 'xGnqF-NEGfg=', '8K_eRShceU8=', 'PCoQfGOls8E=', 'CeBUhDyhZIM=', 'SyyGeCeJbzs=', 'BNsjApo0t1A=', '3XgsrbJ4Y0U=', 'DbRfJ9VaW7o=', '3PyOyo0hEMY=']"
L8yRPbf9omk=,CkCq0-sjazs=,6Fa2BAbG4kI=,"['cscSqmjpQzA=', 'lCjAR-mVX7c=', 'o8_5_pkmo44=', 'nOXHkpk7OWc=', 'XzIL5nuDeIE=', 'cDIIaKIWqdc=', 'bzo3maxY-h8=', 'c2z9oBncHis=', 'C_-Oe6V4Avk=', 'Qu461zhd4x0=', 'FDAdNrHCHJE=', '-AtUMj5LqTk=', 'dpExB7hKhn4=', 'f1IjypLCeu4=', '7-ZTPhhwaJs=']"
s_jjV_uxZZw=,GRSLQtr4yIY=,SLU9wXuWHmA=,"['Xun5SjD5HLo=', 'c2z9oBncHis=', '8WTRO3egE8I=', 'vMeTJpz-SSw=', 'jmA13rIDr8E=', 'lRM-yh7DhHk=', 'QZAGDezUGEc=', 'eUTnteyN7RA=', '7X2lqbS-sBQ=', 'x9s4urCDNeg=', '9-3Kjcx9KTA=', 'sW8IQW_qSUA=', '297Eikq3qAQ=', 'ORNlHfIDotc=', 'VG9YjyThtaI=']"
A_aqufxDKLk=,MBrbpefkCT4=,PESccmIhnI8=,"['O4VI_58T-pM=', 'EF1Pfqiv8Mk=', '-Cwtnt7psu8=', '5v5ZdRofWjc=', 'O5Gf_38pk9E=', 'jPTiJJnYfd0=', 'lCjAR-mVX7c=', 'mnDtY5CTE-4=', 'h_kV3eccQU4=', 'u1gkl6RBW3I=', 'Zee8737kBTU=', 'UGkm391aHho=', '_I8Sp4KtWP4=', 'ImU-J-Xq_A8=', 'JrdYgk6R3ic=']"
asfvsYhM0Cs=,FaUGr6m8QCg=,PWe31p7Qg40=,"['dPpQEu3uy04=', 'va44mQ6zpEU=', 'lZwJyDBwScU=', 'duyvwF3pQno=', 'Tpb_R-L6vWo=', 'Tv6EXYGHW5E=', 'Et2kg8V-Y2A=', 'Jz0RTU52TMs=', 'oVM79M6Hllg=', 'K6NzsvSqLoI=', 'GuBzEwlDZGA=', '2l4MJqn7j-A=', 'JmNljotfp6Q=', 'Xuf0Ijb_aoA=', 'yYN9lQ4MClo=']"
gDh_n-akmJA=,IXoJW82Jpos=,2_HjHbYYSEw=,"['r0L6nqVfWFY=', '3NIgd9jlw2A=', 'cQ04XOrjShY=', '1juUIndr11g=', 'l1RZ7wgPskI=', 'bKNIF1fuAUs=', 'YweJDwDPsQ8=', 'iP73a2wdzPs=', 'Ni1BQLb3O8E=', 'B2nWNkXRBK0=', 'NkyaW3RssoI=', 'm_m3I72yJGk=', 'eJb9AJxzlb8=', 'sT8pwnV8ph8=', 'ttxw-_Yb1qk=']"
dMMydoyg_m4=,Yd4UKw_xlro=,j_hv5zLxFEA=,"['B-rp-_6cnGs=', 'FgKCuxGpUL4=', 'GBUluv1gs3I=', 'wZjMy4-n908=', 'C7OGb7QqNrQ=', 'WCg9MqtZiCQ=', 'PovJcuVg0I4=', 'UeqoWIzFnQM=', 'E6sePV4uxMw=', 'i0h2HfKgxdI=', 'xjcnFO8xOBI=', 'sc3LDWey4nY=', '9sopYlf6TkE=', 'hVGgU3FzDkY=', 'fxZMsHwv640=']"
6cJqGrJtU_8=,L1FsO15_5pk=,N6RASAnTISI=,"['Xig4ZCorO_A=', 'iNS2lOyLjW8=', 'NdIbLgcOv_c=', 'ye4Wf_cmAd4=', 'sZUNizzSCVo=', 'cYOSbVMURRg=', 'LRFUFaRgBTw=', 'bG4jG0HXen4=', 'cL40J3vYn1g=', 'A2HfwAm-458=', '9YpglbqTjuc=', 'Ag9PujmBg2A=', 'sWV9BJgNNeg=', 'odiSScEGxho=', 'yUv26Dc7PTo=']"
LHLRNwTaxbY=,9f5KPcswWTY=,Q0TKF8rg88E=,"['l4rEd5mF11E=', 'VKq7eSCIIyI=', 'eMigU--lRYA=', 'VmiCE7HJndc=', 'lAjOhBg4jfc=', 'CPmzVrtJud8=', 'l6LREvLOtoo=', 'wC4fMtxheAQ=', 'FDAdNrHCHJE=', '1Xv6psedj10=', '9KOppNdI4wI=', 'UWPYMO6Dmis=', 'x9ho8w6xvKE=', 'OMlfIp1Scwo=', 'hVGgU3FzDkY=']"
bdeklkZxaFg=,d1_B5TEmkLI=,9f5KPcswWTY=,"['2LNK3vcUHo8=', 'mUMAX4nr1mc=', '1cis-JM2JCY=', '4ofahaCp8yY=', 'CVxBh2iiSzg=', '8jYuZps6Ql4=', 'VSuYlgKoGpE=', 'Yn0lhlJIZkc=', '_ztMka50Yss=', 'c3tZuCNmgLY=', 'FS2ysUCadv4=', 'Xo0g5kNN_5E=', 'Pqzc7Q4l-V4=', 'KvLTFuqRbEk=', 'c7MQNcr6FUw=']"
FexrYolGNQ4=,Nm1w26opjzk=,X9FaY6GsXKU=,"['Bkl5hJrQvZU=', 'xTTg-BnbOWM=', '8jsxqxLe7Mk=', 'GuCnMyOZ340=', 'ijluxh20UyU=', 's7JXaSsVghg=', 'XWQWTumnMm8=', '0kyDJDlGFis=', '7b27jkd3LVc=', '3NOLh2LLt5w=', 'cYOSbVMURRg=', '9byT9rWuU2Y=', 'v-eYY_rnqSQ=', '4hjAZrjZLg4=', 'GvgBP3e3PcA=']"
rKCl-xaF4Ms=,CkCq0-sjazs=,Xl_WZPCTJ_w=,"['7AQiWKtWDA0=', 'hDOar3YGukY=', 'IInOyHhW3Ys=', 'hyDfIHFSbu4=', '9cPdrJJXnNg=', 'ER6tQ7mxols=', 'BcGRkStSTd4=', 'ZiRZoPCdnwg=', 'mHgMpWUIr0g=', 'jUB3YK6H0h4=', 'Nm1w26opjzk=', 'wm0ShL9sQVI=', 'OUPUmjCkMQM=', 'Lqr0TfVV9FU=', 'Mb356pdyOE8=']"
jl1ONkoekMg=,Yd4UKw_xlro=,RHNq9JFrt2w=,"['ijFW53dJMKM=', 'O6S01vcBE0k=', '0H_4HRfEkeA=', 'Rnz78ygNjgU=', 'IB5OaW3VCFU=', 'UkJsGPJPsb0=', 'vWmgMsBvOZQ=', 'P7V_k36n-AQ=', 'DKX7bgMOMFo=', 'kGZvJqDUwrQ=', '9NU9AHqdnTk=', 'qxt3y5at8vc=', 'rV5vXNMRnsc=', 'S5nw_hEmCCM=', 'G15pyJDcb18=']"
L2YS828XEOg=,3qRq7cwMips=,B29sD2Cp0Cc=,"['jiTbX2HiwQ4=', 'whpePUSFCEY=', 'S5FCY9YzEp0=', 'vQ2tMfhFNlQ=', 'FYRrbVKrugM=', 'Jz0RTU52TMs=', 'l6nhbSQQ5Qk=', 'iIao6E1FWI4=', 'gUjg1YnIsGw=', 'LM6_0sj92ys=', 'Czc1ECNwKC4=', 'c14Fp5iYLnI=', 'Zl8zo_5Uyq4=', 'pkrRIKKI_-g=', '-FCz5vaA86o=']"
pw-NuL7__zw=,VANGIl2K050=,jmrqbHinsd8=,"['-I4DhLAAOV8=', 'tnLn82nJaD0=', 'xvaT5nT_fog=', 'j-6u9zwDPT8=', 'cBwKdZa7jfk=', 'uzOaAppK_Gc=', '59p0uZl40_E=', 'KaQsFSKkrLQ=', 'jviIgOWhWzM=', 'LM6_0sj92ys=', 'WH3D7yyS3Mg=', 'pt7dYIcwWXM=', 'iNS2lOyLjW8=', 'gwNU9ezuWGU=', 'Kd09xK7DcCQ=']"
kd_32P1leYI=,wQh9p7cl1j8=,UiXTWXr_iWY=,"['e6qGgfKmQno=', 'IS5fUXJGsm4=', 'oUC7kbAn6Hs=', 'SsXXVhubMek=', 'wdwcpAYDFr0=', 'xbsedazvoDM=', 'XuVdjPSj3vA=', 'kYECAZT0faU=', 'WptpwmuL7lE=', 'ABgqSG3I4bQ=', 'aqLUsItgniw=', 'iUsHUmslZkU=', 'f8otgRTAXw0=', '297Eikq3qAQ=', 'HGX5mu4pPFI=']"
MijUiqabJ48=,6GMyf1dHHsw=,ZIYPRGzsFpA=,"['PZPkRdbs8yM=', 'KxI3oS6sc14=', '1TndfbueHWc=', 'FwcE0KswYAM=', 'BH39uAZ_Oks=', '7D87DyUGmmw=', '3ws3VL17rKA=', '5yHNAzjKB2w=', 'yGQ5rdT8UkM=', 'AW-Q89-wgOA=', 'jN-Oc8m1LKY=', 'o_BF9ITvHIg=', 'AzcBk7tqMGs=', 'GBTmAFECOxs=', 'GAkxSYgTILM=']"
f6vep4tKi1A=,cscSqmjpQzA=,nMHcbNHd6Mg=,"['yRNdxR5ZBnE=', 'zNdhmktfx1I=', 'Swx2ErHcT3c=', 'AlxL6OdGba0=', 'DG8aSgucWsc=', 'AzzN_eom860=', 'IwBZHYJFaA8=', 'P8tO63zFxSk=', 'DDA--fEYnLw=', '9JgBZnz7mNs=', 'us4cyoHrtog=', 'AzcBk7tqMGs=', 'dSHtTZ2z_YM=', 'uhWNTXUu-BU=', 'ANMwscCJIQ0=']"
DxRTJiKP2gs=,RQwz7PGDSwE=,5cYJ3uV-eWQ=,"['LWTtx72Jf90=', '_6sXNP72ies=', 'kejvO1OeZHg=', 'E8chjJg6M-0=', 'GQnoYZCmlhY=', 'GPgHtdKhrQs=', 'b8STXvLH344=', 'usa6o8ccmto=', 'N4LWfI3cz20=', 'wv3wDRubb08=', 'kogcyh1sTl8=', 'WUuAakW9hXQ=', 'IGjbSt0t7AM=', 'PeOTdCDrK74=', 'YFVW7_RdIls=']"
MP2TtWImpfQ=,b91qEfR1tIo=,wrDUASQIhCY=,"['Bkl5hJrQvZU=', 'RUG53VGCFSo=', 'fi00k7qYcSY=', 'tslLCcklBaI=', 'Qx68ulb9A74=', 'oj5TTmAxXoA=', 'znF_wApQqNE=', 'EAZ3DkhFWLA=', '1wIMFjh2EvU=', 'ZtgHUsUaEo4=', 'v5H-mNulmfo=', 'vvNLCyiVWV8=', '052pzNckP1I=', '4-ncnwJs6ao=', 'PoZPFW1CiS8=']"
QGgq_0baRJI=,exBVQ4PopMM=,gpg41Ul6cmY=,"['qa_wYKBWUBU=', '91AiFW3nQ_8=', 'r9kx3izSPZk=', 'nL-IRGWqwls=', 'V0ie4SLPBFE=', '8f4YgaLoyGY=', 'ZlaN_Zp3NqI=', '6vUTCRi8km8=', 'x-NBDxQmams=', 'SBlmg5FtK7g=', '0ByKzxK_Trg=', 'EPmBol8HWyg=', 'hV0ctuRbHak=', 'Y7je1XYuDnc=', 'jSLhXjAe0GI=']"
F9-RO8Y1SKk=,7czcqpeKx6g=,-qfYuk-QFHA=,"['lItua_GFfIw=', 'QuxlY3XWzK0=', 'hliSmExvr3Q=', 'q_IR6GUSUYA=', 'RX5WzZCm6FI=', '4St_HRZK0Qw=', 'AGhWsdhFxk8=', 'ptrVtpDjhMw=', 'HCWLgcB4EBE=', 'Tpb_R-L6vWo=', 'HU5IVA8Xl3k=', 'ysjW1PmWw1U=', 'IS5fUXJGsm4=', 'IB5OaW3VCFU=', 'gPstLdDDYhY=']"
mZtgdTDjK8U=,tpPhnQK7c98=,DRpljZ9MTsk=,"['-OtEoIkKLBE=', '7EkjNTPxQyc=', 'fMTRkwu9-OE=', 'LBckK2c6J38=', 'W-dQ48Fwds0=', 'x9ho8w6xvKE=', '2LdP4iFndJU=', 'vl8jjhLFahs=', 'JBaCRYc9TrM=', 'RSLWY2cHSbk=', '-DUh2x_cToU=', 'FrcGdUFvkCk=', 'KwOfksitbc8=', 'p_7dkz5saAQ=', 'AgmX247tHB8=']"
CRLXUHzkpMc=,_L4UwTutGmw=,g_GoEpuGZK8=,"['2adPV_NbC4Q=', 'Tpb_R-L6vWo=', 'aRO831QXVCE=', '56SFWWi_KZE=', 'wU9YRnQNNCY=', '2STScwbYipE=', 'H53Yq-dnpqg=', 'y1BreXlP-54=', 'Lm1PHB-u-Y0=', 'xUKC9ZntBPg=', 'qzcO1lG07hA=', 'EPmBol8HWyg=', 'VCon2bmAhVs=', 'cYOSbVMURRg=', '00qg1kpEb0M=']"
OIE6KnGgqec=,63TjAAj517Y=,fyVzYWJCoMU=,"['UGi0N7I4gD8=', 'rGYcy8Cfs3g=', 'fsO4715nLlY=', 'ukVHWhZ2RWw=', 'AJHlB2Q5C1M=', 'cDIIaKIWqdc=', 'LI9arURHpV4=', '6Fa2BAbG4kI=', 'Hn24_wZDqhA=', 'z2fnAdhEPE8=', 'wiu8Ou9irhA=', 'co_oGiwnDX4=', 'V2vR42FPF8Y=', '87vu_Tbdlv0=', 'inOhO4HKFG0=']"
yuh-aIH1Gnk=,ryWXKPSGoWs=,a0wnqrDErss=,"['CMWvbT3Oo0w=', 'f4BVBLhhQA8=', '8aWc3zlXMJ4=', 'N5xTUnck1Ng=', 'vBehU8i2zOc=', 'F5FAK8Hpibw=', 'j8bKnLr47ao=', 'j1GrXpKLBYk=', 'C8go8TQqRYE=', 'n027aqUfFlA=', 'FKPal1V0TkE=', 'n87HLJgk5x0=', '8BtSvoSEZZo=', '7cRfFicjZFE=', 'kHrgP5qvE6U=']"
Iq4VW06rWBA=,Xkr4vaa8MiU=,eonFlglsgoM=,"['kHrgP5qvE6U=', 'T0imRdHHq6M=', 'J8LhUNLzKo8=', 'dV0YId1Ex9w=', 'ZewWsaiyM1o=', 'nGX3XXytdHQ=', 'ABgqSG3I4bQ=', '_ztMka50Yss=', 'AT98YAv-J20=', 't_gbSotnLlc=', '7afmbhNc7D4=', '3l2lfPgz8zs=', '2RfM3_dR6fk=', 'QTWUj76kHlc=', 'iNlk6Dj6fPo=']"
c9TT30Opzyg=,7Xk6OSYpMGU=,cUz4hIMG4q8=,"['59glRVpgags=', 'Vw5X4Z_ero0=', '4qaRiSSnZiY=', 'qkr7cigVyhA=', 'W0sFgPBh64w=', '3JzNM5amlmo=', '7dhxhjR10Qw=', 'aAzcAyAQ_V0=', 'jBd4wtmAzA8=', 'IMlxTjDStRU=', 'uF0v89W-fAI=', 'IInOyHhW3Ys=', 'GuBzEwlDZGA=', 'HGGjV4iLNHc=', 'ZDzFSVe6wOw=']"
C8sx7fUdRRg=,oTfxwNgdjHs=,I9Z55ptWQno=,"['TuSr47w1bnQ=', '8BtSvoSEZZo=', 'tFl6M1dgo1I=', '71zB94KbD38=', 'K4mKAIBSfeA=', 'KvM7ZnEq6uM=', 'vBehU8i2zOc=', 'JBcKMcnXiXY=', 'q9nGUQIrVJE=', 'zEfWSC6YJdQ=', 'OSlIPpt_o7c=', 'dbleNlmHALk=', 'aL0IXr3gmUg=', 'E6owwve7BVA=', 'AbaUSQBzZtY=']"
vu1rhExw6qo=,R6d9yHYTyLQ=,MWAc6xwgKRI=,"['ayfibYL2SK4=', 'MwBMyTl-d2Y=', '7Xk6OSYpMGU=', '_oWorIOKfsg=', '2sxQf2bpn3c=', 'iFF1vaWXoRg=', 'BpowowTBqeM=', '7xK0sdu6EBg=', 'PeItCIaspW0=', 'UGi0N7I4gD8=', '13rc2khE_40=', '2adPV_NbC4Q=', 'Zee8737kBTU=', 'jW0dtfd6WKQ=', 'mcwjlMP69zQ=']"
jxBcShHdjC8=,RVnwH4QlFsA=,7LfFK8OOY2Q=,"['HwwwURZNupI=', 'yV9CEAYe0xs=', 'HvyOEFnLI9M=', 'VG-zbE_gpsI=', 'AzdPTWTyIMU=', 'Gu45XK7I_b0=', 'YspI-SWQcGY=', 'vl8jjhLFahs=', 'faj_hdDWl9Y=', 'lsKax3NXets=', 'TxqmMSapbWk=', 'ttfDf0aErAc=', 'G5yqTeYfrcc=', 'UQFqHwLEU6M=', 'EXJ7slbGQzw=']"
e490VLM4vRA=,WjKjo-jeXW8=,JWkZvPngY1c=,"['gcmJ0CLN2xw=', '1db60pCdD6E=', 'NkyaW3RssoI=', '5nn0Wkzixaw=', 'Sq6rwWOYQ_k=', 'GH2GFN69Blw=', '2RfM3_dR6fk=', 'gVPdvJ_2eYA=', 'ny9t3y_yKcE=', '5i9-dVJJZ10=', 'gqSiVH2jM6g=', 'q_2RoQK4bcI=', 'NMMaQtM5IJU=', 'B3fMgv8imwU=', 'CT3wCiiWDfo=']"
-YWm9v8GjbU=,Tv6EXYGHW5E=,z4wjm5isVc0=,"['IDzfllCVi-c=', '7b27jkd3LVc=', 'F0rzfKMLsQ4=', 'K_smjGJYLMY=', 'lhhsIuBAEpw=', 'd-wf8CwGNe0=', 'oo7XFqfet8w=', 'GAkxSYgTILM=', 'ny9t3y_yKcE=', 'Swx2ErHcT3c=', 'o9zUnsbLe44=', 'TM6TSZ0G-1g=', 'q9wTImXyvP8=', 'MvSIEIyRd9w=', '6kaEc3H4W4U=']"
crOEsdYtmAI=,GAkxSYgTILM=,BfkEUTJzvls=,"['I45FYDIlPng=', 'ZdbUYXe37L0=', '_CwUtFz_x7I=', 'e8532accIrs=', 'GinBfiX2FGg=', 'F2IqaBxkE2M=', 'iAxZHb9r9vA=', '8gclFvSMmzs=', 'ryWXKPSGoWs=', '7bnch8B6uc4=', 'mtnf2gqMKQY=', 'nEXHwUZ1VRY=', 'oKoHn3z9brQ=', '_ztMka50Yss=', '5nn0Wkzixaw=']"
j6E3jnaLPOc=,0K18oCha9KY=,oo7XFqfet8w=,"['okgYlsydPtQ=', 'Fnd_j8Zye28=', 'mVYPYvMpMgA=', 'ynCEWSYXIaA=', 'cRS69KCLCDs=', 'ZLwkScuiO-I=', '9PtnMZRjTjY=', 'eQ0-B2CD4c8=', 'AXk1woKTXmA=', 'Rm6qF88FXyI=', 'yzLr1HtYA8M=', '16FIYiOtaww=', 'N4NqWB96M1s=', 'BH39uAZ_Oks=', 'htaT1idgYsw=']"
5Eb_0e7-3WY=,ytqyjUD_QnU=,NRBBuy1biao=,"['5qgi4iKp8Ic=', 'vd38FkROA_Y=', 'wrYjZFlZ0mU=', 'GuBzEwlDZGA=', 'wFpmGrhO6R0=', 'B5BFmEgWzAs=', 'Sjowqh4bLC0=', 'Mz7Mmc8YkP8=', 'SyyGeCeJbzs=', 'ZtoabQhibeM=', 'aiCAYRP79ww=', 'JmNljotfp6Q=', 'goofelZscYI=', 'ab19VEKftLU=', 'ibgbXq0HNsQ=']"
ipztmeYpA9Q=,L1MX5NdYp0c=,NzRiJUSTEYQ=,"['2bcg2mzRids=', 'sUFw-m1sxXs=', 'o3dpItolhXk=', 'CWqVgPmUM1I=', 'Ppc_CmCxNrU=', 'VpBuMmVXTHE=', 'D1BtDZg4oZc=', 'b75YBM_kUfM=', 'D--5R7pJsWg=', '2Pqd3z1S4o8=', '4_na9Fd25Kg=', 'lk1Ai0cvg-E=', 'FK8Pq2XLpYc=', 'dvNYea3_Zg8=', '4SMZcn5wwu0=']"
4eJE9W57Mb0=,1cis-JM2JCY=,jBd4wtmAzA8=,"['kpX5WVzxOIg=', '5g0j_0sEj70=', 'felsOhZ0H6M=', 'IjnFEaVUeEU=', '7l5mano4AFY=', 'W50sWFylNgM=', 'f4dO31_sOWk=', '9rjNM3okj_g=', 'viyl0tsW4rg=', 'm2DdcH6FIa8=', 'Py8eJu0FZrM=', '95_H0AOu0dA=', 'YtfhL7eZAoE=', '4s1S_KFu-DA=', 'ukVHWhZ2RWw=']"
zejExO0zdXM=,KJZOikzb39w=,RqewG3ycBBc=,"['28R-yVueBRU=', 'fTnHa0Omd4Y=', 'KvM7ZnEq6uM=', '5yVO4PBOAWE=', 'NMMaQtM5IJU=', 'AEc6Fb4cHzk=', '68LblvVIrVU=', '9GtDpHX47Cs=', 'QYLJohkaLBM=', 'l6jemf-GlSA=', 'Er_552GSa9w=', 'hHPpu-CKV4I=', 'JWkZvPngY1c=', 'edUrFXjkoog=', 'cFIWwyRFonw=']"
oW4gduPM6xU=,3fgU_OWihvI=,Sjowqh4bLC0=,"['9Xa0I1dz_PU=', 'kR_e9rzeGdI=', '_BC0L1KNAlU=', 'hWeJhXa19Pg=', 'OPAoAKx9RRo=', '5ebTCU1ibmo=', 'U5E87CSQa5Q=', 'aFCcNgleWbA=', 'c7MQNcr6FUw=', 'o3dpItolhXk=', 'BG3DC0ylvIY=', 'ElQ_pW9cDso=', 'vTyTO8RkR7s=', 'I0soEq6oTZI=', 'Vhslpvvj9y4=']"
heaxUp98Gg8=,co_oGiwnDX4=,LccUbMfMmmg=,"['_CwUtFz_x7I=', 'QlXUPC5d2sc=', 'Ale_KnxnQxA=', 'I45FYDIlPng=', 'Yb7ArPyA37o=', '8LyGx18CdEY=', 'r_s9yyBfan4=', 'bUbmzRJhFw4=', 'sT8pwnV8ph8=', 'KaQsFSKkrLQ=', 'EhCu5lYkQFA=', 'P08fDXOmCEI=', '1juUIndr11g=', '_L4UwTutGmw=', 'YZb9hY0i-0E=']"
TgerE_vtelM=,0LMQgRZeWkU=,hA4mduXidFY=,"['GFvK5y6h7c4=', 'Kmhng2puyg0=', '3m7lC4x-3ZE=', '4zOg9-5P4u8=', '_hbarBbqKRo=', 'oMEqM9_bxok=', 'ZBQUMjrP7Oc=', 'aaGFoM93AcY=', 'I8xQKHAz9nI=', 'VsrBFez1mZ4=', '7_3vxiZ0xrs=', 't50pFYb8ys0=', '72uzVZv6yh8=', 'gNc7MTCqfag=', '1cKLbQ79Ack=']"
neOqo5L6HCU=,eC97jCgqLm4=,Jdzm54X1RAY=,"['HSG9eXQXic4=', 'RWC56kShyXA=', 'e7sS8j2_vTk=', 'pQS8QYItkcc=', 'G15pyJDcb18=', 'frx1Pe8iqcM=', 'EbLlSdAp4qQ=', 'dPpQEu3uy04=', 'MP74doroPBA=', 'bUk4yYvGn8s=', 'xj7hbPtRafk=', 'tQAwZuwcUmI=', 'fzYpQilEv84=', 'UJXyGpBbC_Q=', '8BtSvoSEZZo=']"
efkkso5WZoQ=,_fb5WFBxjuQ=,90geIiA_zJc=,"['3n_tsEqlr8M=', '9byT9rWuU2Y=', 'DbRfJ9VaW7o=', 'CT_MKu6hF88=', 'G0_-yXon9tI=', 'vd38FkROA_Y=', 'RWHMENehAyg=', 'hRYypQ-As4g=', '4_na9Fd25Kg=', 'cWw_gfR1ERo=', 'or2eV--oRfY=', 'OO2FQSJtZmg=', 'aTtB2ONOUbg=', 'L7H51bes97c=', 'HIQTepUvkcA=']"
10kLWbUIMCA=,ImU-J-Xq_A8=,DisKPh2c6RI=,"['dPpQEu3uy04=', 'f-fKJaYiwhY=', 'Zt7JNt9A548=', 'ot8GGNHhkT0=', 'fwLx1Y_RcGM=', 'glCXzQ5NVnQ=', 'yiXUUuSgFxc=', 'F5FAK8Hpibw=', 'xyGzTpY9XN8=', 'QYLJohkaLBM=', 'AlwWfRNQGIo=', 'uzOaAppK_Gc=', '9R6ziAN8sQw=', 'G5yqTeYfrcc=', 'yp-vmkASmb0=']"
YEtBByRbofw=,cY-XV-PqqUU=,LI9arURHpV4=,"['TlqA2VNTa0Q=', '4s1S_KFu-DA=', 'OPAoAKx9RRo=', 'NHj47HISXgk=', 'sW8IQW_qSUA=', 'EDc0EtsBtuM=', 'jtg3CxibBcI=', '-6GY9rzlkss=', 'V8B1_djg1Ms=', 'Ud-KIYzHXlk=', 'dKJfXWt95ko=', 'tK19HjQDris=', 'XaTmw03CPAM=', 'tj7pvsdTqkI=', 'PcYSp18B-VY=']"
AwIUqKOTx6o=,HZ6WXX-Ua3w=,rDhIKNaqjZc=,"['qKqy40Cj4zM=', 'Bbm4ZG9eywg=', '5xiiPmqyAes=', 'H0qGAenEt2E=', 'YFVW7_RdIls=', '7WVszw6TJDQ=', 'zEfWSC6YJdQ=', 'e_8MQq0t9S4=', 'l6nhbSQQ5Qk=', 'sXqIFdmPAiI=', 'qF74H8Wr4h8=', 'yRNdxR5ZBnE=', '3NIgd9jlw2A=', 'AgmX247tHB8=', 'Tij9UBQTOQw=']"
6W83yekl2J8=,aPJFL7IiWF4=,Zl-UUvoKhDM=,"['JWcyVIH7MXU=', 'U5xEzWF754E=', 'ibgbXq0HNsQ=', 'RkHZ4G9oT5s=', '2L_gIi9mgFg=', 'cNRWYlMqQRo=', 'QTGpC9L54zI=', '5S973h1XHuU=', 'r_J1jo5D_Eg=', 'Dt7m9IEYlvw=', 'AnVCFPjfFC4=', 'ZiRZoPCdnwg=', 'ijFW53dJMKM=', '_ESOIICvyfA=', 'WCg9MqtZiCQ=']"
LXGkqcf6JcE=,JAD_gIKFdVA=,6d-EKg_v7tU=,"['aatCvzbze-k=', 'vqVDOZBJmtw=', 'ZpN97dcpVZM=', 'RrvKsVknlJM=', 'bRLrVOA1C7s=', 'K5iDN7r-o2E=', 'L45GzRaZt2o=', 'X9FaY6GsXKU=', 'qrzbZ00knYw=', '22TeALNWVoY=', 'dE9m0tJ4RZ0=', 'zP2oBmtKaN4=', 'GThGx42wan8=', 'F4xavvUWqcU=', 'ZBQUMjrP7Oc=']"
BTZdHWaezKg=,7m0AebsilVQ=,-CYId15SC7M=,"['DlJXoVZDf4E=', 'm_m3I72yJGk=', 'D2LU49e7jm8=', 'M8ahDKd7qXE=', 'RenCyBK1_ZQ=', 'hYOMXQQicAw=', 'p7xeODOx2w4=', 'EsPSIrqEYTQ=', 'GXGL4XMCXHM=', 'NHj47HISXgk=', 'fbicRoTrpXY=', 'vjnh7pHy0D0=', 'd-R5Nif1Rv4=', 'OMLGFmQnXx4=', 'SebVIvZjs-4=']"
WL5wMlxbZVQ=,OmFNFvriKc4=,vzo7-y6ox8E=,"['_BC0L1KNAlU=', '9Cc8zuUMTk8=', '_pxs_FKZ69I=', 'aEfiTK9DHAo=', 'di9V2HWukRY=', 'j-6u9zwDPT8=', 'HU8yyI0fRFo=', 'SMEZO5yCHns=', 'tupazTOVObY=', 'A2m_FmxSAVY=', 'P8VjqyGY7wo=', 'VaRDRUKuppM=', 'c7xORqRQa1M=', 'B2nWNkXRBK0=', 'ynCEWSYXIaA=']"
0WXP4IJosC8=,Fnd_j8Zye28=,OkeLWLRYG5I=,"['B_DEoON0vPg=', 'wW1ojeXC2G0=', '2-wfu0EmrvU=', 'rekp_5-lkjs=', 'GEOoJ350KYg=', 'WXImiXV4e1w=', 'WCrV0sUEHvc=', 'AzzN_eom860=', 'BfkEUTJzvls=', 'QQ2kd4uy4ek=', 'ceI5zYuzWes=', 'c4XZCDpy7IA=', 'cALGFCHxa3Y=', 'Cmp0jxfvU5w=', '_R9s-y8XBHw=']"
sFFBR-8k5_I=,dvNYea3_Zg8=,GpO_SHnb8Fw=,"['K4mKAIBSfeA=', '71zB94KbD38=', '2TsyFsvjb1c=', '8uWYLaLRsEo=', 'DoMnKdOmqAQ=', 'mdyM3u0wO2Q=', '6Fa2BAbG4kI=', 'u9rVKXczFqI=', 'Prv8YbM4tvc=', 'FwN0_6WBFBs=', '1_NJhsm_tDg=', 'felsOhZ0H6M=', '1YTvcHMacA0=', '4rGY8x_P-6s=', 'WmN6IYo5x88=']"
bbad6ZzNK1U=,ElCopcoh1vw=,AfpxbFavHp0=,"['eSk2Qn-JQxg=', '90Dz3qPsd34=', 'cmJ8FCndXgQ=', 'XlMhRBOHsBA=', 'iMOMBiTpVtI=', 'Ko4nyxkuCsk=', 'fAzgYsvX8Do=', 'YFVW7_RdIls=', 'kpX5WVzxOIg=', 'GvgBP3e3PcA=', 'w2kPLglze6s=', 'k6W7G4FS9Qw=', 'tGC6fTt-_Rs=', '6Ug10A2QapA=', 'mJy0HvN8byQ=']"
igO7jidjeGY=,cmTKkkALtp0=,TJi9Brr3Ezo=,"['cXk8htJi730=', 'bo6-jfm8BLI=', 'lRM-yh7DhHk=', 'GEOoJ350KYg=', '-V1juzB4oa4=', 's2itnVOM5Yo=', 'Fnd_j8Zye28=', '16FIYiOtaww=', 'glCXzQ5NVnQ=', 'UzZFLLY7Nco=', '3dqCS7Y6fg4=', 'LJU2jYxCwrM=', 'WwxOppSL4rs=', 'RSLWY2cHSbk=', 'WlOslSsycMI=']"
9FMIofthWcs=,HyABmImVUAI=,s2itnVOM5Yo=,"['hbXHo5znCy0=', '_BiA44RhM_k=', 'ifHag_8CTJQ=', '7xK0sdu6EBg=', 'Prv8YbM4tvc=', '6GMyf1dHHsw=', 'g9tkB5Kv0-M=', '8_vYwhEqjYk=', 'cRS69KCLCDs=', 'HrjnXm_NJOU=', 'DCVhufkChMA=', 'E8YzO4mkMBc=', 'JBRmd7QxGY8=', 'G0_-yXon9tI=', 'ntWKz0ekGqo=']"
xiCAPCAAkCg=,6Fa2BAbG4kI=,O8blFNv8gSk=,"['zvXgh1liobA=', 'N6y6XmAYXYE=', '7rj5Nu9OMfE=', 'xuEBM5SG02M=', 'nlWpYRHI6mc=', 'ucsyP_Qi4E4=', '-i2kIXyKo9E=', 'OZ8TY4TQA7A=', '8ohAH9c7zNg=', '9fuc6rodnCg=', '72uzVZv6yh8=', '4vqLNkCOMSE=', 'AtMTri-7Gjc=', 'zeZ-kpQbz44=', 'LhyqArzRQIc=']"
8tOodxdiYoo=,T2TFINmLXGY=,6x0AvIhE6tU=,"['UE_Kdj8dZ-g=', 'jXVFUloDSL0=', 'IgiXv0EQ29w=', '3PyOyo0hEMY=', '37Ot12Cgoak=', 'Yd4UKw_xlro=', 'jUB3YK6H0h4=', 'rALkJ-lOSVU=', 'BADHG3THKCk=', 'q_oT22tzOgo=', 't88CSQnYxtM=', 'YduGpqhO-Kk=', 'qF74H8Wr4h8=', 'Iuog8nGeWT8=', 'G2ZhokCirgE=']"
gz3vn0c6T84=,oE8wA_rHgNg=,RenCyBK1_ZQ=,"['4ksKAhJ-aAg=', 'XaD_WTI60f4=', '7SSWydMMqCI=', 'O9nNAstPi6g=', 'Skvo30R6QJQ=', 'L6gr-Wop0xI=', 'HYwxa-gzoNk=', 'jMmIQyMBMRk=', 'PWe31p7Qg40=', 'ZiHLFY1m4rI=', 'Okisd2HuBas=', 'cHunWKwknFg=', 'YEf3-KD4cBk=', 'CBSem2fplpw=', 'qa_wYKBWUBU=']"
nb_qJtntDfk=,cNQfNVmmMUA=,naasUmHV0-Y=,"['YJVrdwpVa-M=', 'D--5R7pJsWg=', 'U7hSRMhGaE0=', 'H53Yq-dnpqg=', 'jEzZlFFl1mo=', 'vhrGN60T_Us=', 't7476WnparM=', 'hKBvXSAFJgw=', 'FCgYSBgnZ3w=', 'OrKb8l_OBD8=', 'RUG53VGCFSo=', 'TntYVNf5bpw=', 'kXXemZRo9v8=', 'K9CKfq_4BM4=', 'GRcRuxHPCPo=']"
-UbceInyK0g=,flkQFll-5uU=,r1jekErS2Ro=,"['jidcrJQ0oZk=', 'm29wBLmQTw4=', 'IwBZHYJFaA8=', 'g_GoEpuGZK8=', '_ckMS_et8Jk=', 'gCe_dtMXAvs=', '91TiNN-JMvU=', 'OhDo-xRH0KA=', 'oBKEI3UubBc=', 'cYOSbVMURRg=', 'AyG0CSn-pM4=', 'UjQYALRqMok=', 'oj5TTmAxXoA=', 'nIM37VaZqng=', 'xbsedazvoDM=']"
gEEfuJk9X_8=,ta4VmGyA6Q0=,BFIHcub3_IE=,"['OE2E3m5mU7E=', 'D00yS7KurlM=', 'I_JoQ7sM1IY=', 'NAcxvtokgSc=', '0oFXlHK_trg=', 'B22ntSICoE4=', 'Bh_Za4B6z78=', 'xqTm7xEapkQ=', '57nnwPWKVco=', 'Qezaj0QHmPQ=', 'ln2SF84gvTc=', '159Hh8VcUPs=', 'hV0ctuRbHak=', 'H8nDt6biNr4=', 'kni4NGvfvGc=']"
1BFq774P21U=,tgQaAxovREU=,ifHag_8CTJQ=,"['hbXHo5znCy0=', 'CkQbGGmSPrg=', 'gZlwBHHkVao=', '0zRpMJB1mkw=', 'Prv8YbM4tvc=', 'PqMU5lrpI2Q=', 'tZCsWUjYEfI=', '5PpI-HR69oE=', 'mchM8ttLH44=', 'vFw_FgwEM-Q=', 'EkOk2CDVpiI=', 'hib2ZYi_z_c=', 'x8IBMAP3VMo=', 'KYHrr6Ndh7Y=', 'TlqA2VNTa0Q=']"
AjvCXTZ2ssQ=,B265YFnFjPA=,QQAwJ-mC_xQ=,"['w5ynlXwbSyM=', 'wcWYduykH18=', '_I8Sp4KtWP4=', 'MzZSXDpP99g=', 'uRIkKesDufM=', 'QZAGDezUGEc=', 'YS25MWFymTA=', 'NOGG9Zaq3DM=', '9byT9rWuU2Y=', '802iT7B2_jw=', 'JmF5pHHUedg=', 'bj6mW285Wjw=', 'wLEGku-svQE=', 'drOIKLZ6DI4=', 'qa_wYKBWUBU=']"
63K9PUib2U0=,qi-vK1w0kmY=,mUCBEa_0_F0=,"['CVxBh2iiSzg=', 'jTeO66usIBc=', 'N4LWfI3cz20=', 'wYURdBRpJSM=', 'wZSsHX-pGaE=', 'iMOMBiTpVtI=', 'tK19HjQDris=', 'hS1qmeA7XLI=', 'pB0RRCzMUug=', 'H8mCPRZPjOk=', 'NMsBnmkRpus=', 'XD--uOtczvM=', 'w9Dz45yCZjE=', 'ifsI43ByVoQ=', 'WptpwmuL7lE=']"
ZZpqkpZC8Vg=,YQk20GJd2Q4=,KvM7ZnEq6uM=,"['28R-yVueBRU=', 'RqewG3ycBBc=', 'szrvUuUhYns=', 'yZcBpgZJaMs=', '5yVO4PBOAWE=', 'QFnMdt6jZ54=', 'cTqDB6XHz88=', 'SSLHIiUTvRE=', 'Q9_GTm7Focs=', 'xMXCVqq-IOo=', 'vqVDOZBJmtw=', 'lmPtreMuuWc=', 'EDJm0JG5Krc=', 'FgKCuxGpUL4=', 'tkuqfF0K5Uw=']"
Ww3uMMpRvv4=,cYOSbVMURRg=,zkX8Ndf60Zc=,"['VwtVrykXC3A=', 'aLUVSZbrtc8=', 'wAyh6Au-YIM=', 'hjaWsJZJGOA=', 'F4xavvUWqcU=', 'YchIlsJ7aXw=', 'yXMEq-iLoXA=', '4ofahaCp8yY=', 'L1MX5NdYp0c=', 'rAv7T2TteXU=', 'odiSScEGxho=', 'C2lSrVocWO4=', 'ElKRs3PXzpE=', '023_pYvV5EM=', 'yZcBpgZJaMs=']"
Bxk7HR8hV3c=,d1_B5TEmkLI=,37sY-AH46Ew=,"['xJMWzFDjUpo=', 'f4BVBLhhQA8=', '5fne_CkPJqE=', 'tpPhnQK7c98=', 'Is9APwkkXw4=', 'LI9arURHpV4=', 'iNiO6QhmSvY=', '4Vw0dI1cxCk=', 'ME7NJS4-pZc=', 'usjdWZGQZRs=', 'yC-J2-ThrTU=', 'puVIVnux8M4=', 'FkeYXYmTTKE=', '4vqLNkCOMSE=', 'yg-BVbGpsm0=']"
uSo0lxqfYFI=,zZmH7TltXFY=,GuCnMyOZ340=,"['Prv8YbM4tvc=', 'tOaDANW96sE=', '3NtIknfzna4=', 'gZlwBHHkVao=', 'k8G5ahdfrWU=', '16FIYiOtaww=', 'iU2OKyNovvE=', 'SspSsq96ByY=', 'aqLUsItgniw=', 'dLCWZff8cRE=', 'HvyOEFnLI9M=', 'iubo2BI7K4A=', 'GaWGI_Zrsfc=', 'zEfWSC6YJdQ=', '2akde0CLmek=']"
zyL6ZD6FaJU=,YJVrdwpVa-M=,1z57lGIiFHU=,"['j_Lz2dQlgHU=', 'EG2BojWZteo=', 'gBkL4zLgOQM=', 'QYLJohkaLBM=', '5gpi_2YAcSo=', 'BCVVoSdcFJE=', 'DlJXoVZDf4E=', 'MlIB6Fdc0kE=', 'xuEBM5SG02M=', 'NLBCQ2kgp_A=', 'kz3PKvyh8sQ=', 'Ag9PujmBg2A=', 'pAJkXbnPMKM=', '2hD1WzmiNSE=', 'R4qvLc1SiZg=']"
eHQrh4zrZBY=,yMmY1VUFkgg=,vYjLNb-qFQo=,"['_BC0L1KNAlU=', 'C5XRzS7VREA=', 'rMBnyf5xZ-s=', 'f8j3NAfPK0U=', 'UF5d3SDfUwA=', 'ddSoSXMsIUo=', 'BkgiGOia3Is=', 'Hky7VfNXrVQ=', 'GfrxXF5bPtc=', 'zQZycpUpcqs=', 'DYThe-mzss0=', 'UDvvx3b9t10=', 'jMWIxjgZlmc=', 'PSJqSdwAH0Q=', '9OFkUA8Phz0=']"
wJv9H7D8JYM=,lev5J9Kt0k8=,yAXi_Zv_dBg=,"['anKcJTEdJpI=', 'O4DwDTBYN00=', 'IurQk8MT9mQ=', '3EqTLO-GE4A=', 'Lo7o5SWhKnA=', 'kqLBQeQD30Y=', 'WtzmB6A_mXw=', 'iAG7WA23o_Y=', 'WPSWVkA2BYQ=', 'Zt7JNt9A548=', 'VlNwMHGm4s4=', '8fSzHt91SAo=', 'UWPYMO6Dmis=', 'YGPge8GmKMs=', 'NF1Iz3V3j4A=']"
btLixji-vzU=,rjJNkrLZUjc=,gm5TAwBj5Zc=,"['unMrNgORJyA=', 'aFCcNgleWbA=', 'j-xsyxdSEgo=', 'wU9YRnQNNCY=', 'vTyTO8RkR7s=', 'J8Togwj6tFM=', 'kHDeRXOucVA=', 'Er4lgJsggHw=', '_BC0L1KNAlU=', 'tBgAK64cuTU=', 'kHrgP5qvE6U=', 'LXCoEdfq1hs=', '72uzVZv6yh8=', '4Vidndkanw4=', 'uyOpdBlvpkU=']"
haB39n4hzo8=,d-wf8CwGNe0=,BOatQI1kQiw=,"['znF_wApQqNE=', 'Iy1LEUxJeSo=', 'i8gVpFnbMiY=', '5dNOe97I2Lc=', 'C9Z0XuHW3vI=', '3Zjplh_FWOg=', 'WwxOppSL4rs=', 'k0VDa9D5EzU=', 'UiXTWXr_iWY=', 'VG9YjyThtaI=', 'ruO3jslAFK4=', '0L84ZywK224=', 'BjaTqURUopk=', 'E0yn4O-P5oo=', 'RWHMENehAyg=']"
W-DJVj13k4k=,fw13Yr8wZQ8=,K-xyhtVOpqY=,"['Ko4nyxkuCsk=', 'mmjULmMkmNI=', 'Gg08xvf4KKk=', 'DxrkQ-qGzaE=', '71wxnTlYDAA=', 'Nu4EaC6xgxU=', 'dLCWZff8cRE=', 'Ncn_GKNfvzs=', '2fZZ2M8VycA=', 'KTuYnhHDMhA=', '4KYp6l61wYE=', 'nEG06vXhxqg=', 'L8enpSg3pTo=', '91TiNN-JMvU=', '4SMZcn5wwu0=']"
iwb4_8o0SDw=,Kka8IgE9bEA=,naasUmHV0-Y=,"['bETI0pPrMzM=', 'HGGjV4iLNHc=', 'Yd4UKw_xlro=', 'mFhqWJoHUzE=', 'XoAiDf7H6nw=', '1HHlsZoTD7s=', 'JWcyVIH7MXU=', 'PQfYjRCylgI=', 'OZ8TY4TQA7A=', 'Hqqz8-DovnQ=', '-OtEoIkKLBE=', 'LBbA5GebJ_g=', 'ZNevklW_ZkY=', 'K5iDN7r-o2E=', 'peln7fAxYZs=']"
MEj4DyKeqv4=,8Jvv7Z3lweE=,6HWIpzD9Jps=,"['VmiCE7HJndc=', '_CwUtFz_x7I=', '3B2Rl8AIvjQ=', 'l4rEd5mF11E=', 'oTfxwNgdjHs=', 'Rg_Dtr-56YY=', 'F5FAK8Hpibw=', 'gsymBSKP5Vk=', 'NIUEj6aJ3IA=', 'T_XVv56tb6w=', 'cbFjrh-PY4E=', 's7JXaSsVghg=', '9Cc8zuUMTk8=', 'KKSC-z-F8pw=', 'tZ9cUHDH7_Q=']"
a4ZdyYEU4q4=,I7H14fdszOY=,R5vHOONt6XI=,"['KkEc0ZoQirw=', '8K9upvV6hLc=', 'tCTy-mQNB0s=', 'QJifynXeqPQ=', 'XDQcKkTTgRA=', '0TgzT9JuP2o=', 'WT735c8UW5k=', 'S3wAkd50YNo=', 'x-NBDxQmams=', 'cnuRg3tp1Vo=', 'Lb5oXyuiHN0=', 'foQFiZv46CQ=', 'xdilyhpwa24=', 'DKY4BTplRWk=', 'lXLJfBM_WQk=']"
6GF4VEyzSJU=,ycnMNPd41lY=,J-n7F1Bl7dA=,"['vBehU8i2zOc=', 'a0wnqrDErss=', 'RDrVXLsH0MQ=', '30_GDMR1QwM=', 'CAIypUYhBAw=', 'snYdsNgzb38=', 'vbWE9N_N9Sg=', '6kaEc3H4W4U=', 'L7H51bes97c=', 'FpDp3r3m6_I=', 'CMWvbT3Oo0w=', 'AuPfdai2ohk=', 'VG9YjyThtaI=', 'eH019kKUEGk=', '0L84ZywK224=']"
yYornQDXOIc=,uzXhlJXFxck=,sbrYcSe05BI=,"['9Xa0I1dz_PU=', 'dx2EUQJ4kt8=', 'HVijfzzw5nw=', 'sW8IQW_qSUA=', 'tw_CEUORlao=', 'lAdu2r7JFyk=', 'MjnbliW0pv0=', '6W1WHcSdbnM=', '-9glVmpx8sI=', 'Bsp0E9p0Yf8=', 'wZjMy4-n908=', 'K9CKfq_4BM4=', 'OMLGFmQnXx4=', '9KOppNdI4wI=', 'GO4eQZWkvFI=']"
ICfc3T5D-H8=,6uiROiMr234=,yGQ5rdT8UkM=,"['1juUIndr11g=', '3RbY_Tp2eOk=', 'OHnpePvMim0=', '2_HjHbYYSEw=', 'eHws9NmLr34=', '2GOqDqldYxc=', '1fBxvzyyVC0=', 'xhLl1J8DzGE=', 'V-MNqAec8EA=', 'GkCHTrR5lb0=', '-OtEoIkKLBE=', 'iLppBm4JiBo=', 'vriwyaOweYU=', '4Wg_OpHpyF0=', 'wU9YRnQNNCY=']"
AoldtX3iMVw=,Q0W8yeRnUfk=,hA4mduXidFY=,"['b4vJsJR58CQ=', 'U9OxHdzt_0Y=', '3m7lC4x-3ZE=', 'Kmhng2puyg0=', '4zOg9-5P4u8=', 'BxQ1w2Z85Wg=', 'b75YBM_kUfM=', 'l6nhbSQQ5Qk=', 'UTGJ8xYLsss=', 'nQ_UiaWf8wg=', 'rAv7T2TteXU=', '1JJVBXvwueo=', 'UjY_6Ehhpbg=', 'id_ZYp3QtoA=', 'EYC1KOfB9WM=']"
Rk9LCJ94hUc=,7ILMYg53-Wo=,vxrm8hHqP5k=,"['pENL0tOtt1I=', '5gpi_2YAcSo=', 'zifZO_Bni2A=', 'ikHcqKk8FX4=', 'RtqY5Rg3o9M=', '9N7HMNNeXr8=', 'U5E87CSQa5Q=', 'Is_siq-9oek=', 'Y-zadJRg16I=', 'uUwwuts743M=', 'jjAr0Mai718=', '4jTo_W3xAds=', 'caPo7UaSg0U=', '8E2tTo-YcCM=', 'ZA5cnzxXrbA=']"
5yzY8l5MsFw=,1juUIndr11g=,FliEO5y0Ykw=,"['GFvK5y6h7c4=', '_hbarBbqKRo=', 'qrzbZ00knYw=', 'IAxC_qf3VfA=', 'bU4y8LInDKE=', 'PqMU5lrpI2Q=', 'Pn5JHrxBpvo=', 'RRX1m_YQFiU=', 'pMhj-N8bW_Y=', 'XcGe3-c9piA=', '8yuycP4xWgU=', '95_H0AOu0dA=', 'QWXXpX1uWLM=', 'Z9fnmy7vMN0=', 'Cmp0jxfvU5w=']"
A0pja6a69sI=,fTnHa0Omd4Y=,EFOgJgRWDlg=,"['MlIB6Fdc0kE=', 'SbGXuEiEtA8=', 'ZewWsaiyM1o=', '3epOHRi5yEQ=', 'p-Q4ZaP8Wpc=', 'bo6-jfm8BLI=', '3huKXeWohVU=', '2L_gIi9mgFg=', 'smQXbmCxSRc=', 'JfEs0jX4o0k=', 'khIhaFxAF-g=', 'CT3wCiiWDfo=', 'DKwNCCQ47_Y=', 'gcmJ0CLN2xw=', 'SK7ECVO5NW8=']"
sF7-ZTwUFFI=,I8KROedbmd0=,gPRqavjpMa4=,"['s-Rhq4nChFc=', 'jEzZlFFl1mo=', 'KwOfksitbc8=', 'kddvbfqvum4=', 'ER6tQ7mxols=', 'rjJNkrLZUjc=', 'FfF43EWp_BI=', 'gUjg1YnIsGw=', 'Q8gsr3GDrLc=', 'BSOT1PkhS3w=', 'B5BFmEgWzAs=', 'wxlt0bdy9vw=', 'ElKRs3PXzpE=', 'EF1Pfqiv8Mk=', 'CWqVgPmUM1I=']"
8uUHPy06m8o=,f51eVg8Wax0=,MbTky-rTdl8=,"['vlPY2AIJSpk=', '-R80vtiF-3c=', 'IXLvLcpfC9A=', 'mwNMQdbHzkI=', 'pOkeeV_IL5g=', 'fzlIVpGTQHs=', 'gqSiVH2jM6g=', 'r1jekErS2Ro=', 'SjMWCKqRlWU=', '0fddRQ5K2e0=', 'S0hassPvFVw=', 'PeItCIaspW0=', 'qfeKjLUTqG0=', 'KwOfksitbc8=', 'yRNdxR5ZBnE=']"
VObZRnTkYa0=,bm5655TpPiE=,QZAGDezUGEc=,"['2TsyFsvjb1c=', 'er3X0rIOqlM=', '1NUSBW5KaGs=', 'F1wlgdoIJvI=', 'ot8GGNHhkT0=', 'buHqYk7qxR8=', 'e6qGgfKmQno=', 'BG3MXi1yBxI=', 'VQAurn93DhU=', '1cis-JM2JCY=', 'oEL2iiAfUMw=', 'flLp3V-hYCM=', 'iSoHRZwzNzQ=', '71zB94KbD38=', 'Fbnnn0pNoR0=']"
0-7paIsf1CE=,Yx9afaCaMXQ=,3fgU_OWihvI=,"['cXk8htJi730=', 'GEOoJ350KYg=', '-V1juzB4oa4=', 'lRM-yh7DhHk=', 'RaayZ7bdEQ8=', 'MZ-tzlidl94=', 'R5vHOONt6XI=', 'QnaVYuHRJgA=', 'hWeJhXa19Pg=', 'qfTdVfBxHNw=', 'NMMaQtM5IJU=', '7OuFsCzGYPc=', 'P08fDXOmCEI=', 'FpDp3r3m6_I=', '_0rvVMXd7m4=']"
-ez9ePTyi0Y=,s_tuNSx7o3I=,3RC-oRvUxmI=,"['h7IRbYz2hs0=', 'SQwApqpdRpM=', 'rjJNkrLZUjc=', 'sJi-gj9vCDU=', 'nL-IRGWqwls=', 'qkWt-E_AYeI=', 'J784AR-ehu0=', '9Om8W08bskI=', 'QTWUj76kHlc=', 'HdPrx8zl-Kg=', 'KvLTFuqRbEk=', 'SlDg3sOeuiM=', 'E3xj3eDKE6o=', 'MZ-tzlidl94=', 'R2aEXcIYngk=']"
A5jgC25VpJk=,Qezaj0QHmPQ=,FaUGr6m8QCg=,"['2t9rgZjQP44=', 'Fnd_j8Zye28=', 'Kr4anYpEfDg=', 'yMmY1VUFkgg=', 'okgYlsydPtQ=', 'gzh9ZiCpLDw=', '-xm41-jADFk=', '5MfzEuaghSQ=', 'tP42KybAkes=', 'Czc1ECNwKC4=', '0aqI0gSX7vI=', 'NMMaQtM5IJU=', 'eC97jCgqLm4=', '7l5mano4AFY=', '0qs9Ijs1jzs=']"
eruJF8PaWvE=,Kka8IgE9bEA=,wsrj0-WammY=,"['bETI0pPrMzM=', 'mFhqWJoHUzE=', 'HGGjV4iLNHc=', 'cNoc67oMqzk=', 'Yd4UKw_xlro=', 'dEuMtsD9w7I=', 'HOOHSUf1elQ=', 'XqDICwG-Ie4=', 'VrNXjAWDoBE=', 'qZrj2OBMM5c=', 'zat8kd8ZvGQ=', 'g_GoEpuGZK8=', 'aatCvzbze-k=', 'VmiCE7HJndc=', '2-wfu0EmrvU=']"
LjBkX5Pl3gY=,qKqy40Cj4zM=,hA4mduXidFY=,"['_hbarBbqKRo=', 'GFvK5y6h7c4=', 'qQ3fFtkht-s=', 'OoqH0ylvya4=', 'IAxC_qf3VfA=', 'NkyaW3RssoI=', 'hE45F-UG4Lg=', 'G3qyIDOx3Jo=', '3ps3_u-hpXA=', '_ckMS_et8Jk=', 'PeItCIaspW0=', 'R8GiFj-6I_g=', 'GBTmAFECOxs=', 'i501kgjgSu4=', 'JwHEv19zD4E=']"
aazAqc8F4WI=,vzo7-y6ox8E=,wYURdBRpJSM=,"['AlxL6OdGba0=', 'qzcO1lG07hA=', 'B29sD2Cp0Cc=', 'C3RKGQwGLn8=', 'q_IR6GUSUYA=', '5S973h1XHuU=', 'zifZO_Bni2A=', 'fw13Yr8wZQ8=', '9byT9rWuU2Y=', '87vu_Tbdlv0=', 'inoIUM6RQOc=', 'AXk1woKTXmA=', 'HaIjMEd52gQ=', 'Z7kk6H4pL_o=', 'APJNiLWXMnw=']"
c4xKtDkwxbA=,Xp8kc31fc0c=,O_7-xV-QQ0g=,"['yAXi_Zv_dBg=', 'pATCymRYv98=', '0wZDya8aOIs=', 'wITOEh-1LHk=', 'cQ04XOrjShY=', '2l4MJqn7j-A=', '_Y3z263yQow=', 'cmVD8e7QVKM=', 'd-wf8CwGNe0=', 'PvM7qB5efiM=', 'wm0ShL9sQVI=', 'LhyqArzRQIc=', 'TfnUU4tIiUs=', 'AueypSUhUJQ=', 'ng_BkQbk2tU=']"
2n-ff9eERhk=,PiWoLkKXqI4=,WPcpwOKgXaw=,"['_9sVxULiEz4=', '3huKXeWohVU=', 'USHnslogTzs=', 'e_8MQq0t9S4=', 'SyyGeCeJbzs=', 'izfaTg8D1Pc=', 'NEeZK54q8rg=', 'cm1BzdmNJLI=', '4TiztMerPhc=', 'KG0LUYazl5Q=', 'nEG06vXhxqg=', 'NyymtAhWJ3Y=', 'r1uOUfbJ99w=', 'OO2FQSJtZmg=', '4rGY8x_P-6s=']"
70NKEv-I-gc=,KTuYnhHDMhA=,4sWPOdRIBk0=,"['AXk1woKTXmA=', 'bPjz80-tn4A=', 'ijluxh20UyU=', '9Yn1eZj82aI=', 'cgjghR8NYMo=', 'bbnqUsevTZ8=', '8fSzHt91SAo=', 'k1LsVnINxlM=', 'MytFOXQyUQ0=', '0EQVXLb_1y4=', 'Jdzm54X1RAY=', '1pnKN0N6cjA=', 'eAuqCpETmww=', 'Du1VMQn7zhg=', 'T9vnMW3_ono=']"
P4xdiOMz5O4=,eC97jCgqLm4=,UPsMRPEe1TI=,"['C0Fwxfjs2K4=', 'ojOv0Hbx7jI=', 'EwXpO1EFRGE=', 'yVPDFbddAeg=', 'qqeUYCZuODI=', 'ptrVtpDjhMw=', '73mGuuIYiqY=', '6EpD9HOiktg=', 'oKoDjOGvrd8=', 'PcYSp18B-VY=', 'GBTmAFECOxs=', 'oKoHn3z9brQ=', 'yT9W8QTxeRY=', 'cscSqmjpQzA=', '0O_nWQSukHc=']"
pc9NBn6dx_s=,gqx44I4aems=,kHrgP5qvE6U=,"['dV0YId1Ex9w=', 'J8LhUNLzKo8=', 'mCVASFNgGQQ=', 'eonFlglsgoM=', 'T0imRdHHq6M=', 'QlPLrJlrUiE=', 'RWHMENehAyg=', 'a688QEIPYgA=', 'TvrzRaP24BU=', 'UE_Kdj8dZ-g=', '_-Z6EOx1uIg=', 'tTnJlzxwhro=', '5Cg9eEGSx6M=', '3JzNM5amlmo=', 'N6XS8vK7OGo=']"
Mu1vc8_YFn0=,VhLAQZ2moZg=,K9CKfq_4BM4=,"['h_kV3eccQU4=', '6ea3w6WeUUI=', 'yC-J2-ThrTU=', 'j9xeARnIeRc=', 'ayfibYL2SK4=', '_L4UwTutGmw=', 'qi-vK1w0kmY=', 'ncvmLYJwbcQ=', 'Xhg3XguWosM=', 'boWfMcQG4Is=', 'd-wf8CwGNe0=', '9-JAIr9Wy-8=', 'UPsMRPEe1TI=', 'vxrm8hHqP5k=', '8_vYwhEqjYk=']"
Erx4JT5_rSk=,4Im9qyRpT_o=,hbXHo5znCy0=,"['Prv8YbM4tvc=', 'ifHag_8CTJQ=', 'FwjD2xhcOLw=', 'gZlwBHHkVao=', 'RSZ9M8BMvkc=', 'vzo7-y6ox8E=', 'RPnjeXEcof8=', 'Ngi3uEkqqQo=', 'SebVIvZjs-4=', 'bPjz80-tn4A=', 'xhLl1J8DzGE=', 'GKSVLE_Bp_U=', 'fyltLsFYBSM=', 'sWhiexxNS5Q=', 'rd_pSOT-Qmg=']"
